"","X","semb","ux","uy","uz","well","stage","mw","m0","mti_strike","mti_dip","mti_rake","mdc","mclvd","mvol","date_time","x_coord","y_coord","z_coord","class_well","class_stage","bool"
"1",12,0.151612,0.898011,0.803116,1.74582,3,2,1.4,1.25893e+11,57.7173,71.1352,77.4826,0.316804,0.551135,-0.132061,5.908000694,1776.563361,633.1672655,-2081.54,3,2,0
"2",13,0.158204,0.751182,0.626167,2.03682,3,2,1.1,44668359215,264.602,79.6819,-148.558,0.290146,0.458181,0.251672,5.935426181,1960.743465,1793.90426,-2231.01,3,2,1
"3",14,0.222993,0.503837,0.404855,2.22672,3,2,1,31622776602,269.177,82.644,-139.443,0.229762,0.559823,0.210415,5.754712616,1835.274437,1742.596592,-2161.06,3,2,1
"4",15,0.316906,0.540099,0.380463,1.33427,4,3,1,31622776602,302.341,89.8739,175.01,0.960786,-0.00786885,-0.0313452,6.129970579,1790.613573,1700.283322,-2099.11,3,2,1
"5",16,0.34639,0.599507,0.395388,2.67012,3,2,0.9,22387211386,279.439,75.5876,-151.421,0.236362,0.570988,0.19265,5.783012222,1799.211992,1711.483894,-2105.31,3,2,1
"6",17,0.316144,3.97583,0.879091,3.67105,3,2,0.9,22387211386,121.604,87.7457,6.59236,0.85634,0.131405,-0.0122546,5.836248634,1708.263917,1682.223815,-2100.45,3,2,1
"7",18,0.230219,0.943983,0.672048,1.73271,3,2,0.9,22387211386,270.171,75.969,-146.191,0.412232,0.320037,0.267731,5.914519074,1787.2831,1721.998571,-2158.89,3,2,1
"8",19,0.27629,0.571701,0.407312,3.31535,3,2,0.9,22387211386,120.093,88.7942,-173.129,0.755909,0.176263,-0.0678278,5.981727199,2032.62794,1737.576134,-2118.8,3,2,1
"9",20,0.232021,0.546109,0.458444,1.30487,4,3,0.9,22387211386,273.496,81.0149,30.0004,0.192568,-0.678474,-0.128958,6.045379907,1848.751893,1738.311525,-2158.91,3,2,1
"10",21,0.257671,0.743545,0.75539,1.82989,4,3,0.9,22387211386,263.65,85.5868,42.4264,0.220681,-0.559997,-0.219323,6.091511366,1788.053847,1723.349145,-2158.94,3,2,1
"11",22,0.222348,1.27121,0.992727,6.82738,2,8,0.9,22387211386,120.604,88.2557,6.61766,0.842204,-0.0990554,0.0587402,6.152492384,1924.214328,1708.81103,-2104.72,3,2,1
"12",109,0.15939,1.41379,1.13407,4.01686,3,2,0.8,15848931925,281.409,79.4195,-142.271,0.257551,0.447721,0.294728,5.713559028,1823.296048,1794.172961,-2218.93,3,2,1
"13",110,0.220595,0.847531,1.65251,2.38301,3,2,0.8,15848931925,276.023,74.5063,-156.548,0.28427,0.514327,0.201403,5.714175301,1767.88009,1712.410204,-2159.16,3,2,1
"14",111,0.22928,0.871259,0.712233,3.02876,3,2,0.8,15848931925,278.061,75.1015,30.1146,0.381612,-0.358227,-0.260161,5.925269097,1762.866703,1720.959124,-2170.83,3,2,1
"15",112,0.180494,1.72929,0.659581,3.02087,4,3,0.8,15848931925,122.281,87.6083,7.77656,0.756034,-0.179327,0.0646388,6.149882824,2069.793472,1831.225356,-2248.86,3,2,1
"16",254,0.321439,0.894589,0.591618,3.11786,3,2,0.489704671,5426964823,121.842,88.4567,5.59176,0.942499,0.0280301,0.0294706,5.839296019,1783.188952,1699.222662,-2099.25,3,2,1
"17",289,0.10236,2.94093,2.13181,10.6111,3,2,0.435011916,4492808151,124.362,86.0411,9.93104,0.915904,0.0682425,0.0158533,5.732497199,2058.211063,1948.873782,-2348.1,3,2,1
"18",313,0.187078,0.935517,0.504328,2.79897,4,3,0.401403352,4000414825,122.826,87.9906,7.19509,0.783603,-0.157941,0.0584555,6.060672963,2007.766066,1808.399949,-2203.99,3,2,1
"19",325,0.252323,0.877463,0.606954,5.0618,3,2,0.37473275,3648372092,122.203,88.5457,8.22218,0.701237,-0.219582,0.0791813,5.679531088,2023.188064,1736.409408,-2128.61,3,2,1
"20",378,0.279425,1.29308,0.849148,3.73928,3,2,0.304587263,2863392575,123.139,87.2032,-171.721,0.918909,-0.0618616,-0.0192297,5.67237794,1676.111772,1677.606408,-2110.96,3,2,1
"21",385,0.170495,1.6575,1.56508,3.95709,3,2,0.300487559,2823132999,122.786,87.2804,-172.256,0.815847,0.129132,-0.0550214,5.671177153,2002.370841,1810.966747,-2233.94,3,2,1
"22",411,0.190295,2.72375,1.60137,10.5224,3,2,0.258093916,2438601710,119.844,86.2623,173.916,0.955109,0.040479,-0.00441251,5.821754954,1887.755903,951.8956471,-2128.73,3,2,0
"23",437,0.225961,2.03566,1.23238,5.53194,3,2,0.226512678,2186598355,123.238,87.6911,-170.609,0.817196,0.137221,-0.0455832,5.764799167,1913.940067,1704.236049,-2099,3,2,1
"24",464,0.238104,2.41428,1.40758,5.09343,3,2,0.192859064,1946653236,121.949,87.6591,6.85729,0.834245,-0.106929,0.0588257,5.752215833,1775.325924,1702.135942,-2099.04,3,2,1
"25",472,0.152245,3.86677,3.03112,21.8486,3,2,0.185921103,1900560306,123.419,86.8107,9.07517,0.71711,-0.210889,0.0720009,5.654685347,2096.769596,1842.432998,-2291.7,3,2,1
"26",496,0.134035,3.75217,3.36217,10.0974,3,2,0.157133071,1720678002,294.597,89.9322,-174.966,0.964008,-0.0226567,0.0133356,5.844083796,2832.231359,1335.366726,-2398.99,3,2,1
"27",541,0.193139,1.80798,2.09779,6.14368,3,2,0.116045926,1493031220,120.595,86.5238,7.52228,0.917759,-0.0497671,0.032474,5.849986736,1999.542414,1810.966747,-2219.02,3,2,1
"28",611,0.279374,2.10017,1.39139,10.8194,3,2,0.058830276,1225308409,122.085,85.8604,-175.725,0.920656,-0.0504429,-0.0289011,5.965390046,1813.665254,1702.687485,-2098.86,3,2,1
"29",633,0.123997,4.34719,3.33058,8.47625,4,3,0.041890839,1155676437,243.491,46.2875,-86.4295,0.429819,-0.0356485,0.534532,6.063994259,2555.660684,790.2793212,-2210.17,3,2,1
"30",723,0.171849,1.87782,1.56426,4.78924,3,2,-0.019965136,933366686.3,279.31,52.0652,79.2713,0.374,0.120838,-0.505163,5.849144491,1929.362066,1792.05164,-2219.03,3,2,1
"31",852,0.158513,2.32752,1.04794,5.16389,3,2,-0.103986544,698264855.5,268.115,51.405,-95.3891,0.346475,-0.124705,0.52882,5.700099028,2022.042551,1863.419928,-2248.75,3,2,1
"32",865,0.280589,2.20095,1.41116,6.67854,3,2,-0.113672658,675291079.8,122.911,86.2619,6.7038,0.90054,-0.0461713,0.0532884,5.704411088,1788.782167,1711.307117,-2107.88,3,2,1
"33",979,0.211558,2.13933,1.53382,4.64816,3,2,-0.168545621,558703727.1,119.506,86.1448,-175.255,0.859027,0.0878163,-0.0531566,5.693740347,2050.942006,1758.860048,-2128.94,3,2,1
"34",991,0.179774,2.44368,1.21932,5.88281,3,2,-0.17305079,550077416.1,271.445,51.2077,-92.9251,0.437732,-0.0231074,0.539161,5.68709125,2107.043858,1851.957727,-2266.96,3,2,1
"35",1001,0.107473,5.79537,5.16436,33.9706,4,3,-0.178817407,539229805.5,250.835,45.0577,-90.294,0.236053,0.168023,0.595924,6.017348403,2576.746608,789.6994937,-2302.9,3,2,1
"36",1064,0.18299,1.25121,0.705675,3.14199,3,2,-0.20710987,489029654.2,266.312,52.316,84.2978,0.43633,-0.00653527,-0.557135,5.76038088,2008.847939,1822.874425,-2248.88,3,2,1
"37",1086,0.194375,3.18624,2.11469,7.73007,3,2,-0.216886088,472792815,273.837,54.2101,82.8289,0.345287,-0.0839756,-0.570737,5.748202639,1981.207135,1808.088822,-2248.86,3,2,1
"38",1099,0.303343,4.45311,2.42826,11.4556,3,2,-0.225040444,459662774.4,296.85,89.654,0.571537,0.966755,0.0186158,0.0146288,5.900573426,2496.355638,936.5585011,-2295.39,3,2,1
"39",1135,0.192295,3.25723,3.05713,17.7152,3,2,-0.241123899,434824645.4,250.148,46.6106,87.9394,0.0609519,-0.292442,-0.646607,5.683483171,2088.220675,568.2902183,-2248.85,3,2,0
"40",1152,0.121909,0.769378,0.791634,1.4888,3,2,-0.247926705,424727070.8,268.605,52.181,-96.282,0.383425,-0.0741429,0.542432,5.699607593,2016.13821,1793.663844,-2224.23,3,2,1
"41",1177,0.176962,1.11154,0.778645,3.12539,3,2,-0.255720648,413446222.2,269.788,53.1501,81.6523,0.364227,0.0925212,-0.543251,5.71308978,2005.623532,1813.37091,-2218.9,3,2,1
"42",1194,0.169656,3.30762,4.39298,21.2485,3,2,-0.264280469,401401782.3,272.47,52.5043,85.2289,0.410349,0.0389783,-0.550672,5.645836319,2103.246694,1865.654385,-2321.6,3,2,1
"43",1228,0.114861,7.04635,4.88396,23.6411,3,2,-0.279778252,380480691.3,125.065,88.9523,1.40654,0.821704,-0.120979,0.0573168,5.74688412,1880.246429,1754.193143,-2183.78,3,2,1
"44",1235,0.145252,3.05055,5.22317,76.0377,3,2,-0.282030837,377531978.9,270.665,53.285,-93.3502,0.365948,-0.0945632,0.539488,5.660751759,2099.202043,1888.790919,-2330.71,3,2,1
"45",1267,0.117847,7.38013,7.24067,15.449,4,3,-0.295276034,360650010.4,219.168,45.9316,-86.7868,0.253876,0.175459,0.570665,6.028803194,2462.499365,664.9446443,-2324.88,3,2,1
"46",1309,0.174776,2.08114,4.59282,9.2373,3,2,-0.311629799,340843723.9,268.997,52.7995,81.3092,0.344257,0.121498,-0.534245,5.651100856,2027.169076,1817.988317,-2223.45,3,2,1
"47",1390,0.145863,2.87492,7.49153,6.54397,3,2,-0.350103945,298431101.9,275.833,51.6845,-92.5051,0.305912,0.103785,0.590303,5.967648102,1817.130077,1810.238427,-2218.82,3,2,1
"48",1394,0.194209,1.64308,0.910467,3.72307,3,2,-0.350689617,297828033.9,270.476,53.4114,86.3794,0.367675,-0.0526006,-0.579725,5.674683611,2086.891314,1838.169145,-2218.93,3,2,1
"49",1399,0.166621,2.14195,2.6049,8.66769,3,2,-0.352491685,295980072.7,270.48,53.1088,81.1166,0.326559,0.157919,-0.515521,5.662133819,2081.920354,1831.826397,-2248.79,3,2,1
"50",1403,0.159797,2.17275,1.05499,8.92476,3,2,-0.353527874,294922691.7,256.643,54.4474,88.4638,0.316741,-0.0964852,-0.586774,5.822172269,1945.342679,1799.405551,-2248.8,3,2,1
"51",1489,0.173364,9.27877,1.76963,24.233,3,2,-0.390470263,259593973.2,272.788,54.0578,81.117,0.396972,0.0629576,-0.54007,5.735994722,2007.320588,1826.523096,-2248.77,3,2,1
"52",1550,0.190576,2.52318,2.03662,16.462,3,2,-0.411194042,241662318.1,274.627,54.1933,77.3547,0.314949,0.160985,-0.524065,5.658317708,2011.386452,1813.264844,-2249.09,3,2,1
"53",1808,0.110795,6.54326,4.20305,27.0045,3,2,-0.491160797,183340666,254.942,50.6168,-83.9989,0.376183,-0.0939088,0.529908,5.872310625,1833.308681,1884.569492,-2391.67,3,2,1
"54",1848,0.161506,3.24075,1.17026,5.41382,3,2,-0.503685168,175578869.3,275.539,51.0038,-97.736,0.326582,-0.136703,0.536715,5.66138331,2041.968821,1823.694669,-2233.97,3,2,1
"55",1881,0.170026,3.18571,2.43142,39.0494,3,2,-0.511614266,170835688,255.657,50.969,87.7134,0.392511,-0.0571463,-0.550343,5.685242824,2088.376239,1821.834978,-2205.45,3,2,1
"56",1970,0.152583,4.64812,2.72886,17.6208,3,2,-0.5324732,158960858.7,95.3134,46.6152,-97.035,0.238942,0.150644,0.610415,5.844547546,2853.642553,1324.562134,-2362.9,3,2,1
"57",2046,0.260287,2.35529,1.8898,18.5931,3,2,-0.55216079,148511065.9,227.339,47.24,90.7871,0.405357,0.0614526,-0.533191,5.731427917,1582.681753,1022.917452,-2364.35,3,2,0
"58",2107,0.377433,2.66255,2.14144,5.4741,3,2,-0.565225781,141958476.1,67.2926,63.5669,-69.3694,0.330755,-0.546247,0.122998,5.70442412,1709.80541,484.2576485,-2394.79,3,2,0
"59",2136,0.12446,4.66535,17.0426,11.6684,3,2,-0.571758277,138791408.9,266.873,55.2628,-98.4591,0.348298,-0.0908701,0.560832,5.662018681,2066.031664,1837.815591,-2290.5,3,2,1
"60",2169,0.115884,17.2672,8.93754,74.5274,3,2,-0.578921496,135399716.8,83.2344,51.2865,-96.2269,0.366033,0.0530921,0.580875,5.902761759,2865.769434,1366.882475,-2329.18,3,2,1
"61",2229,0.120536,5.51401,3.99372,17.959,3,2,-0.595365364,127923977.4,240.756,49.2653,90.3427,0.40114,-0.0411231,-0.557737,5.885246806,1724.944566,1198.85269,-2218.88,3,2,0
"62",2245,0.150338,3.17436,2.362,14.7371,3,2,-0.598023414,126754935.6,330.677,49.1802,-98.7366,0.392968,-0.0638939,0.543138,5.88287375,2546.666286,975.343308,-2312.9,3,2,1
"63",2296,0.414117,1.80071,1.30551,5.09756,3,2,-0.609106131,121994655.1,63.182,62.5215,-70.9672,0.322448,-0.527566,0.149986,5.677727199,1708.306344,476.5643267,-2419.78,3,2,0
"64",2312,0.334987,1.94539,1.61928,13.0867,3,2,-0.61334099,120223264.1,57.8388,66.5798,-107.689,0.713866,-0.0491244,0.23701,5.665884236,1590.551851,491.0812289,-2405.56,3,2,0
"65",2313,0.096594,5.10959,4.6389,20.413,3,2,-0.614242024,119849703.5,26.9387,77.8453,17.7427,0.239043,0.602329,-0.158629,5.653329653,1693.322751,654.8895858,-2354.86,3,2,0
"66",2604,0.321716,2.07407,1.65102,8.76569,3,2,-0.67321469,97763775.49,252.597,52.3492,92.3555,0.162955,-0.159422,-0.677622,5.653130949,1703.222246,408.816426,-2316.4,3,2,0
"67",2693,0.115825,4.709,5.54235,16.7782,3,2,-0.687991646,92899319.13,264.368,49.0421,89.8422,0.314594,-0.0799965,-0.605409,5.879018588,1533.912598,906.2236201,-2479.75,3,2,0
"68",2786,0.326788,1.46851,1.18413,7.52761,3,2,-0.707904494,86724790.42,52.8896,70.0888,-104.391,0.420187,-0.456047,0.123767,5.712914606,1556.009685,505.1172985,-2399.27,3,2,0
"69",2820,0.373451,1.3963,1.13848,10.0438,3,2,-0.713716163,85001336.73,62.9911,72.8832,77.5215,0.577777,0.277521,-0.144703,5.75582588,1583.615134,1081.381041,-2423.42,3,2,0
"70",2938,0.280645,2.77869,2.17004,21.6291,3,2,-0.732502719,79661030.74,98.6946,87.7635,-24.6709,0.0806181,-0.891481,0.0279008,5.713720046,1622.548433,485.9547047,-2428.15,3,2,0
"71",2958,0.278037,0.959572,0.658321,4.17992,3,2,-0.735160769,78933043.11,280.447,74.8327,-149.398,0.43643,0.284674,0.278896,5.680758889,1683.38083,1676.701311,-2128.77,3,2,1
"72",2963,0.330805,2.65545,2.16915,27.6221,3,2,-0.736061803,78687780.48,63.1757,71.4,-112.234,0.625373,-0.199988,0.174639,5.696300972,1650.719567,1075.794897,-2437.7,3,2,0
"73",3034,0.131793,4.78847,3.23581,20.902,3,2,-0.749532259,75110665.77,44.1144,56.325,100.196,0.53555,0.177295,-0.287154,5.648729931,1711.042847,674.6461493,-2360.03,3,2,0
"74",3035,0.216457,3.55948,3.58199,27.5066,3,2,-0.749577311,75098979.15,235.285,49.3265,82.9196,0.34232,0.118701,-0.538979,5.870481435,1511.638735,787.0761275,-2433.14,3,2,0
"75",3187,0.099154,6.13351,4.97874,29.6577,3,2,-0.772283364,69434442.69,93.3181,46.701,93.4072,0.280857,-0.116686,-0.602457,5.725039537,1537.603696,1061.631549,-2437.7,3,2,0
"76",3250,0.158554,4.20806,3.80561,19.8683,3,2,-0.783636391,66764471.19,235.757,46.0189,92.0584,0.179751,-0.197066,-0.623182,5.765056898,1890.117639,1042.164899,-2449.58,3,2,0
"77",3272,0.099095,5.08685,4.89364,23.0597,3,2,-0.788186612,65723409.04,75.4852,46.3616,91.7346,0.344689,-0.0932333,-0.562078,5.731381458,1695.224868,841.0778724,-2240.18,3,2,0
"78",3357,0.199958,2.56207,2.37964,22.9268,3,2,-0.804315118,62162335.5,292.547,53.4504,92.7268,0.261327,0.0803494,-0.658323,5.648508426,1702.338363,423.8424451,-2368.15,3,2,0
"79",3368,0.30791,0.961255,0.87893,2.41231,3,2,-0.805936979,61815093.64,92.2353,84.4162,-31.0833,0.0931142,-0.882765,0.0241206,5.713195648,1645.458693,492.0358231,-2398.98,3,2,0
"80",3501,0.191778,4.05349,3.30197,35.6339,3,2,-0.828057361,57268256.11,213.66,47.6898,84.8899,0.2996,-0.0821931,-0.618207,5.770373171,1732.899518,706.5295941,-2408.34,3,2,0
"81",3522,0.196364,4.40381,3.10558,33.6559,3,2,-0.829949532,56895209.64,260.983,50.4361,87.0526,0.388193,0.0394165,-0.57239,5.778240139,1881.172739,1026.361062,-2403.41,3,2,0
"82",3581,0.320171,3.11256,2.60422,20.9101,3,2,-0.837743475,55384059.8,56.6413,67.5438,71.1775,0.439019,0.449461,-0.11152,5.675146389,1566.460723,498.2017942,-2401.97,3,2,0
"83",3656,0.124289,5.55245,4.52282,30.263,3,2,-0.851168879,52874549.67,81.5462,45.5525,97.8353,0.127183,0.349568,-0.523249,5.700786343,1692.990411,491.8802596,-2450.28,3,2,0
"84",3691,0.247611,1.24882,0.890051,2.66507,4,3,-0.858287047,51590463.48,278.718,72.1144,30.9256,0.355272,-0.362359,-0.282369,6.037883611,1764.542546,1719.283281,-2143.46,3,2,1
"85",3841,0.164625,5.55302,4.51439,39.4098,3,2,-0.882885271,47388405.22,76.2704,61.6752,66.9489,0.290054,-0.343597,-0.366349,5.689468241,1638.677539,485.3819483,-2421.45,3,2,0
"86",3963,0.157889,4.86453,3.32338,17.6467,3,2,-0.900230173,44632862.46,56.6554,61.495,-99.5717,0.331967,-0.510324,0.157709,5.714283333,1624.401053,469.9599494,-2445.86,3,2,0
"87",3966,0.238318,0.302841,0.280685,0.602022,3,2,-0.900455432,44598150.83,81.2163,82.3411,-47.9307,0.0853609,-0.85645,-0.0581891,5.78524794,1827.80739,1741.578358,-2164.5,3,2,1
"88",4006,0.085052,7.93719,6.37767,54.5068,3,2,-0.904870498,43923228.33,265.586,45.163,95.9423,0.332323,-0.0711299,-0.596547,5.888941389,2880.555037,1340.783164,-2391.98,3,2,1
"89",4016,0.151116,5.74106,5.22165,31.1386,3,2,-0.90599679,43752695.6,69.303,45.9365,95.8246,0.138162,-0.1908,-0.671038,5.688668125,1680.022072,968.7106464,-2364.75,3,2,0
"90",4043,0.231135,0.343584,0.323795,1.66252,3,2,-0.909240512,43265251.44,270.116,80.8986,-147.427,0.152775,0.704139,0.143085,5.761173657,1838.300854,1744.519922,-2146.95,3,2,1
"91",4155,0.223298,1.25762,1.17633,2.90121,3,2,-0.923882312,41131687.92,262.554,79.4516,-146.462,0.465357,0.309756,0.224887,5.963033912,1821.203012,1731.91928,-2188.89,3,2,1
"92",4173,0.242596,1.04756,0.794456,3.71812,3,2,-0.925999742,40831975.02,266.834,82.6746,32.5341,0.232623,-0.602445,-0.164932,5.695984769,1753.292477,1715.684108,-2129.24,3,2,1
"93",4177,0.315381,0.161685,0.16003,4.45186,3,2,-0.926495311,40762145.37,266.599,86.1292,33.4009,0.116001,-0.808552,-0.075447,5.815343819,1708.235633,1684.37342,-2111.21,3,2,1
"94",4268,0.282148,1.84279,1.45333,16.2018,3,2,-0.93978556,38933339.78,53.5362,74.233,71.5347,0.419469,0.442683,-0.137848,5.877019352,1501.788737,1027.442936,-2451.45,3,2,0
"95",4338,0.094161,8.13876,5.9207,56.7157,3,2,-0.951408897,37401296.28,61.4284,61.1652,-71.7193,0.490311,-0.293079,0.21661,5.885502292,2850.283795,1406.409744,-2310.85,3,2,1
"96",4346,0.288481,0.893085,0.59621,2.36276,3,2,-0.952445086,37267681.14,266.631,81.0282,33.1643,0.315609,-0.47534,-0.209051,5.765159352,1713.432868,1684.833039,-2098.97,3,2,1
"97",4504,0.223048,2.82689,2.30243,15.2616,3,2,-0.970285557,35040610.53,58.3344,71.5753,-123.824,0.657009,0.129463,0.213528,5.871773449,1455.360106,1025.081199,-2464.87,3,2,0
"98",4568,0.287798,3.57693,2.57979,30.6035,3,2,-0.977674034,34157725.88,48.7909,66.1515,82.9867,0.643852,-0.118906,-0.237242,5.730364236,1659.183636,486.7961618,-2402.04,3,2,0
"99",4628,0.152532,1.11227,1.04831,6.04955,3,2,-0.985783339,33214291.4,273.652,82.0549,-146.783,0.265195,0.561806,0.172999,5.824861991,1798.193758,1802.304689,-2248.69,3,2,1
"100",4761,0.112802,7.36621,5.3884,62.007,3,2,-1.00096576,31517470.86,242.207,46.799,-98.328,0.425704,-0.0274307,0.546866,5.721858588,1624.068713,427.1587759,-2300.46,3,2,0
"101",4806,0.187773,2.31976,1.7451,9.09948,3,2,-1.004029275,31185742.42,250.184,87.5901,-142.617,0.488158,0.253713,0.258128,5.69804044,2078.695947,1837.879231,-2260.89,3,2,1
"102",4874,0.210892,1.37106,1.14167,7.25278,3,2,-1.012544045,30281956.59,262.772,78.6283,-141.393,0.375498,0.339169,0.285333,5.728242407,1784.475886,1737.533707,-2191.45,3,2,1
"103",4882,0.293859,1.9771,2.00056,30.7092,3,2,-1.013354975,30197259.94,59.2897,68.4701,-90.8393,0.451559,-0.39019,0.158251,5.776900417,1757.358341,1121.184082,-2319.45,3,2,0
"104",4911,0.182637,1.85089,1.6058,6.96686,3,2,-1.016553646,29865482.19,256.763,89.2364,-144.334,0.420724,0.369055,0.210221,5.650655764,2042.569861,1818.143881,-2249.01,3,2,1
"105",4916,0.249021,1.14659,0.829766,2.3273,3,2,-1.01745468,29772683.45,278.274,81.5108,34.3717,0.272925,-0.476602,-0.250473,5.687704954,1786.370932,1727.15338,-2146.9,3,2,1
"106",4931,0.247485,1.0862,0.756292,3.08336,3,2,-1.019527057,29560339.29,74.2937,81.3894,126.04,0.166993,0.75882,0.0741868,5.733519583,1832.537934,1736.847814,-2128.9,3,2,1
"107",4932,0.228101,6.90237,1.4295,7.1968,3,2,-1.019527057,29560339.29,246.819,48.9369,-86.9724,0.0792203,0.238299,0.682481,5.808257454,2023.145638,1740.694475,-2158.63,3,2,1
"108",5051,0.135989,5.52845,12.9928,17.4508,3,2,-1.033357927,28181435.38,70.6377,70.7418,-101.181,0.0641181,0.518763,0.417119,5.714529213,1553.782299,504.5162578,-2413.71,3,2,0
"109",5060,0.230804,3.02934,2.07298,8.34112,3,2,-1.035159995,28006575.42,52.2882,64.6362,112.817,0.481367,-0.226219,-0.292414,5.688024907,1788.782167,464.6778617,-2384.05,3,2,0
"110",5120,0.217141,1.57936,1.28576,3.62363,3,2,-1.041917749,27360458.85,257.985,87.3279,51.1046,0.331056,-0.451277,-0.217667,5.747630694,1802.436398,1735.836651,-2159.01,3,2,1
"111",5137,0.247276,0.70853,0.526049,1.58317,3,2,-1.042953938,27262714.34,78.8699,81.3799,-50.1194,0.0871501,-0.815641,-0.0972087,5.791921782,1780.544373,1725.908872,-2158.95,3,2,1
"112",5181,0.217337,0.907224,0.593211,1.73669,3,2,-1.047369004,26850136.26,260.42,87.5509,-137.393,0.309131,0.477724,0.213145,5.738992014,1792.628827,1727.259446,-2158.83,3,2,1
"113",5243,0.305108,0.953395,0.592447,2.991,3,2,-1.053450983,26291994.06,262.336,89.6843,-135.532,0.169097,0.703865,0.127039,5.78571287,1801.665652,1711.85866,-2087.11,3,2,1
"114",5290,0.218005,1.773,1.3629,4.59082,3,2,-1.058676979,25821682.19,79.9405,88.0633,-39.1277,0.33934,-0.582854,-0.0778059,5.92899088,1841.553546,1737.024591,-2200.93,3,2,1
"115",5321,0.2353,1.38574,1.35917,3.4539,3,2,-1.061785546,25545927.84,264.594,82.3511,-145.826,0.319606,0.44865,0.231744,5.749268171,1774.618818,1725.470466,-2138.03,3,2,1
"116",5385,0.14928,1.73074,0.728479,3.61797,3,2,-1.068903713,24925531.66,262.122,87.1639,40.6028,0.344649,-0.467813,-0.187538,5.915985301,1848.115497,1808.244386,-2218.97,3,2,1
"117",5407,0.147807,7.19088,6.14345,52.4797,3,2,-1.07174197,24682380.61,88.5101,63.323,-133.139,0.298902,0.373769,0.327329,5.87206206,1473.256979,953.444211,-2480.37,3,2,0
"118",5453,0.237448,1.03138,0.684501,1.86664,3,2,-1.075706519,24346706.56,267.737,84.1726,40.4207,0.299782,-0.470234,-0.229984,5.702813843,1778.861458,1726.177573,-2158.88,3,2,1
"119",5462,0.273625,3.01959,1.85765,45.2292,3,2,-1.076066933,24316418.01,61.2903,74.3111,-56.6779,0.608033,-0.280432,0.111535,5.77009794,1872.57432,1043.444762,-2420.14,3,2,0
"120",5482,0.14261,2.82069,2.82203,20.5765,3,2,-1.07732838,24210704.67,262.232,78.9658,-143.579,0.385209,0.356071,0.25872,5.790644306,1936.723047,1795.29726,-2253.45,3,2,1
"121",5559,0.205308,3.59848,2.99881,13.1767,3,2,-1.085392633,23545669.87,58.6703,70.4085,-109.117,0.688391,-0.161374,0.150235,5.706592292,1603.45655,476.7623166,-2446.74,3,2,0
"122",5650,0.139818,4.75841,4.47238,25.3741,3,2,-1.092600904,22966702.46,52.4559,70.6507,63.4832,0.318161,0.541621,-0.140218,5.705218889,1504.900007,993.9260742,-2351.33,3,2,0
"123",5660,0.309603,0.7609,0.788511,32.3569,3,2,-1.093862352,22866856.8,64.6344,70.9107,-105.826,0.643936,-0.156588,0.199476,5.757330903,1579.499772,1059.333451,-2415.29,3,2,0
"124",5734,0.144732,5.6627,5.13532,43.6426,3,2,-1.101295881,22287234.29,56.435,73.309,-110.487,0.360491,-0.555254,0.084255,5.693519977,1511.688232,500.6483837,-2420.59,3,2,0
"125",5757,0.315517,2.09038,1.74954,4.23383,3,2,-1.103458362,22121392.27,66.9982,77.6011,-73.0799,0.405211,-0.568872,-0.0259173,5.780962917,1939.176708,1000.884005,-2419.98,3,2,0
"126",5770,0.232822,3.06223,3.12731,23.3175,3,2,-1.104945068,22008092.26,61.511,72.5058,-99.0823,0.564625,-0.265859,0.169516,5.700562106,1633.112609,980.971878,-2378.74,3,2,0
"127",5776,0.288755,0.985183,0.970741,2.00885,3,2,-1.106206516,21912414.07,57.9625,64.7628,80.2003,0.464614,0.392276,-0.14311,5.649191736,1585.199053,482.9989984,-2435.11,3,2,0
"128",5857,0.12554,4.48921,3.48903,15.2757,3,2,-1.114360872,21303879.26,65.4179,65.2044,-79.6151,0.509042,-0.340728,0.15023,5.681544421,1728.4801,465.5829584,-2406.17,3,2,0
"129",5943,0.128411,1.94789,1.71166,4.10224,3,2,-1.121839453,20760643.96,43.8342,69.2116,-84.0224,0.365615,0.338767,0.295619,5.713799653,1615.852132,489.8225788,-2414.61,3,2,0
"130",5975,0.221836,1.16264,1.08276,3.45,3,2,-1.124452451,20574122.6,256.955,87.2801,-137.369,0.341786,0.433897,0.224317,5.872484722,1792.869244,1727.01903,-2158.86,3,2,1
"131",5991,0.104372,6.73803,5.11289,32.7148,3,2,-1.125713899,20484678.47,196.53,78.5383,-28.8436,0.281443,0.54864,0.169917,5.86932125,1682.871713,939.6980552,-2361.06,3,2,0
"132",6077,0.150346,3.18428,2.58407,13.6066,3,2,-1.133823204,19918892.79,72.6167,88.9521,-43.3577,0.39447,-0.384831,-0.220699,5.872784838,2108.613635,1851.802163,-2325.84,3,2,1
"133",6080,0.291523,2.18039,1.59431,9.61257,3,2,-1.134318772,19884828.15,53.972,72.195,-81.8921,0.772655,-0.0202517,0.207094,5.768095394,1888.243806,729.3762142,-2338.91,3,2,0
"134",6083,0.230273,4.14834,3.31912,15.2257,3,2,-1.134814341,19850821.7,37.0548,64.5466,62.4666,0.166293,0.706659,-0.127048,5.702685671,1599.588676,468.6093754,-2445.95,3,2,0
"135",6193,0.345605,2.51317,1.5891,24.9296,3,2,-1.14382468,19242565.79,64.2211,78.5171,106.307,0.492318,0.487965,0.0197164,5.780158009,1957.07358,1089.760256,-2471.35,3,2,0
"136",6270,0.224015,0.846051,0.687715,2.42488,3,2,-1.149861606,18845496.81,75.8549,86.0667,-48.1784,0.268107,-0.599218,-0.132675,5.745544769,1839.255449,1737.908474,-2158.93,3,2,1
"137",6381,0.128254,6.84696,3.92143,32.395,3,2,-1.158691738,18279419.22,63.5425,68.5011,87.3921,0.27323,0.575826,-0.150945,5.77967669,1903.333465,1103.902392,-2484.39,3,2,0
"138",6394,0.150399,7.35173,4.13213,19.7964,3,2,-1.159908134,18202783.3,35.4168,66.5068,-51.1193,0.180704,0.475147,0.344149,5.868860764,2372.562454,1109.142053,-2435.86,3,2,1
"139",6457,0.276798,3.0503,2.41269,14.5657,3,2,-1.16459351,17910583.51,58.6727,73.9402,-111.374,0.417579,-0.451097,0.131324,5.827809236,1680.022072,920.6273853,-2404.86,3,2,0
"140",6640,0.159765,4.27106,3.8728,14.2034,3,2,-1.179190259,17029998.57,44.1614,78.8797,98.5057,0.381393,-0.388291,-0.230316,5.716203588,1502.297854,944.9094321,-2449.98,3,2,0
"141",6784,0.190978,6.30234,6.10277,53.1397,3,2,-1.190272975,16390437.18,71.7523,67.7084,67.1082,0.721443,-0.0547673,-0.22379,5.676497176,1640.247316,476.7411034,-2481.17,3,2,0
"142",6818,0.112613,7.93061,4.22743,54.6376,3,2,-1.193651852,16200268.85,84.0928,71.3693,136.505,0.279261,0.57848,-0.142259,5.769140463,1969.292386,960.1617254,-2422.93,3,2,0
"143",6897,0.141071,6.22889,4.97844,42.4521,3,2,-1.199688779,15865977.41,54.354,73.3903,-109.429,0.45031,-0.38983,0.15986,5.794147176,1656.376422,976.799948,-2441.63,3,2,0
"144",6926,0.134355,4.78582,3.80702,42.5341,3,2,-1.202436933,15716093.38,64.7399,68.1254,-87.4599,0.263011,-0.601087,0.135902,5.666654005,1677.879539,485.7779281,-2389.9,3,2,0
"145",6930,0.221976,3.20348,2.58767,14.4886,3,2,-1.202707243,15701427.4,53.5259,70.4215,80.973,0.761026,0.0995717,-0.139402,5.644643704,1610.152851,473.6015493,-2428.97,3,2,0
"146",7040,0.182857,8.25784,4.13783,154.776,3,2,-1.210681393,15274883.64,59.6972,74.7569,67.0983,0.824553,0.00831954,-0.167127,5.759175972,1727.129526,729.9772549,-2430.45,3,2,0
"147",7077,0.262047,3.30831,2.57294,18.4501,3,2,-1.214285528,15085916.79,72.963,78.8585,-60.8973,0.273766,-0.682252,-0.0439821,5.799491181,1774.682457,979.409172,-2450.79,3,2,0
"148",7119,0.246182,0.794155,0.789627,1.6636,3,2,-1.216448009,14973660.65,52.1909,62.5528,-93.4452,0.684766,-0.0766728,0.238561,5.674696528,1673.566188,485.1415319,-2407.91,3,2,0
"149",7133,0.290221,2.84783,1.99259,19.643,3,2,-1.21779956,14903925.12,52.7973,76.1195,-96.3048,0.754268,-0.0754258,0.170307,5.700579514,1702.295936,1048.967266,-2441.63,3,2,0
"150",7136,0.129643,4.68184,3.57333,27.2169,3,2,-1.218024819,14892334.12,50.7349,69.0698,68.2981,0.289733,0.630888,-0.0793794,5.864586736,1501.520037,792.9521849,-2444.5,3,2,0
"151",7151,0.140191,4.84811,3.4659,31.1876,3,2,-1.219106059,14836822.86,55.5101,65.1598,79.2724,0.585594,0.280943,-0.133463,5.648053264,1607.119363,485.1203187,-2467.72,3,2,0
"152",7244,0.194443,4.4388,3.03219,16.917,3,2,-1.22604402,14485515.99,53.4904,64.6152,82.4365,0.471703,0.393001,-0.135296,5.777715833,1818.303875,687.5932745,-2449.97,3,2,0
"153",7271,0.189837,0.60288,0.586081,1.23285,3,2,-1.227801036,14397876.57,56.6863,68.7311,101.647,0.539574,0.274893,-0.185533,5.730088333,1569.536638,1052.326023,-2269.94,3,2,0
"154",7276,0.209479,4.65587,2.86503,47.4828,3,2,-1.228026294,14386679.18,280.209,77.215,-147.581,0.131706,0.671772,0.196522,5.764926273,1550.508394,864.8790866,-2434.44,3,2,0
"155",7441,0.188832,4.04847,3.09774,21.8534,3,2,-1.239154063,13844233.18,277.146,89.4213,-148.854,0.181762,0.735273,0.0829644,5.875277106,1424.777738,811.004621,-2404.09,3,2,0
"156",7470,0.292468,3.18221,2.73145,24.0121,3,2,-1.241001182,13756191.94,52.5041,73.3007,-78.7522,0.568953,0.18751,0.243536,5.755160903,1754.904681,792.0046618,-2435.4,3,2,0
"157",7526,0.251764,2.63751,2.06683,19.7679,3,2,-1.245145938,13560668.3,53.5972,65.4729,90.106,0.680987,0.0868536,-0.232159,5.690324884,1606.058703,492.5449399,-2419.9,3,2,0
"158",7576,0.192126,4.29693,3.28909,35.7396,3,2,-1.248750073,13392908.15,61.9956,71.7442,87.2334,0.483878,-0.202594,-0.313527,5.729747199,1754.176361,797.6827292,-2343.45,3,2,0
"159",7626,0.240019,4.76776,3.98471,29.3898,3,2,-1.252083899,13239578.27,49.7634,67.617,-109.564,0.272924,-0.625367,0.101709,5.712854144,1634.632888,526.9032584,-2335.09,3,2,0
"160",7680,0.139264,4.77109,3.78557,21.7489,3,2,-1.256453913,13041247.3,60.6749,66.8173,88.0449,0.281428,0.578489,-0.140083,5.797171597,1697.961372,989.6622203,-2411.93,3,2,0
"161",7700,0.348312,2.35819,1.80351,26.2997,3,2,-1.258210929,12962345.9,50.3126,77.1337,-93.6469,0.826068,-0.0465723,0.12736,5.67046081,1664.70614,867.3539604,-2430.22,3,2,0
"162",7753,0.156352,1.26757,1.21206,2.63794,3,2,-1.261319496,12823918.7,61.648,68.8658,-85.9665,0.69294,0.0374608,0.2696,5.756966782,1842.720272,853.3886015,-2398.95,3,2,0
"163",7763,0.171561,5.18285,4.45767,33.388,3,2,-1.261724961,12805972.31,39.0208,64.781,66.075,0.071955,0.821047,-0.106998,5.844779282,1532.653948,803.5375734,-2422.84,3,2,0
"164",7816,0.233143,3.79134,2.70111,19.0606,3,2,-1.26623013,12608249.81,70.1827,76.5862,-53.9068,0.44547,-0.475109,0.0794209,5.795001875,1748.017461,997.5888873,-2414.7,3,2,0
"165",7923,0.131819,4.74398,3.84376,42.0756,3,2,-1.274880056,12237139.64,35.5902,88.931,40.9472,0.206311,0.735372,-0.0583171,5.766216412,1648.994227,1127.017713,-2318.93,3,2,0
"166",8027,0.154254,2.44418,1.99202,7.08211,3,2,-1.281142241,11975306.52,258.402,88.8417,44.0112,0.337287,-0.474522,-0.188191,5.748196296,1852.025797,1809.990939,-2248.98,3,2,1
"167",8044,0.176424,3.72948,3.16308,20.5072,3,2,-1.28244874,11921389.84,61.1337,74.1141,-114.915,0.523894,0.198979,0.277126,5.809063981,1718.693742,785.7891932,-2389.4,3,2,0
"168",8071,0.16146,5.68225,3.51021,15.533,3,2,-1.284521118,11836364.29,70.9293,65.0672,115.807,0.594784,0.141775,-0.263441,5.709719861,1792.869244,476.8542405,-2402.36,3,2,0
"169",8393,0.158463,4.86209,4.14782,26.2406,3,2,-1.304208708,11058263.6,54.5154,68.7047,-82.3135,0.517235,-0.299365,0.1834,5.706404676,1912.815767,974.2119372,-2419.66,3,2,0
"170",8473,0.102603,6.16916,5.19682,52.1619,3,2,-1.30826336,10904479.99,75.1442,72.2446,-72.4803,0.307675,-0.537225,0.1551,5.894511597,1704.282906,908.3873669,-2433.93,3,2,0
"171",8586,0.10267,7.19584,4.49809,82.0567,3,2,-1.315201321,10646283.3,60.9615,65.0546,93.3406,0.410621,0.334681,-0.254698,5.701896991,2002.285988,1080.610295,-2487.45,3,2,0
"172",8591,0.229389,2.72906,3.57912,58.0539,3,2,-1.315336476,10641314.68,54.2048,67.5693,-90.9079,0.225082,-0.653859,0.12106,5.780755278,1607.762831,1026.120646,-2319.45,3,2,0
"173",8640,0.204175,4.0682,3.01529,28.2647,3,2,-1.31835494,10530950.95,50.3569,66.9862,-74.5644,0.627341,-0.138163,0.234497,5.860814537,1563.434306,765.6861474,-2363.52,3,2,0
"174",8792,0.130302,6.07189,5.16139,34.1579,3,2,-1.326554348,10236900.4,59.965,68.4405,-71.8734,0.664579,-0.0870001,0.248421,5.795213218,2233.969525,1111.263373,-2521.48,3,2,1
"175",8872,0.30392,2.74994,1.8285,37.3513,3,2,-1.331329827,10069438.63,59.2806,78.1422,103.132,0.760084,0.18895,-0.0509663,5.778607245,1975.47957,1105.295392,-2485.4,3,2,0
"176",8880,0.116341,7.50767,4.73408,35.662,3,2,-1.331960551,10047526.81,70.2975,68.5828,114.637,0.305901,0.528583,-0.165516,5.811158819,1754.176361,794.1471953,-2447.08,3,2,0
"177",8890,0.326756,2.75798,2.34234,27.4724,3,2,-1.332771482,10019424.5,77.9401,73.836,61.6001,0.356595,-0.435477,-0.207928,5.79074787,1676.769381,927.4156104,-2382.32,3,2,0
"178",8962,0.200137,3.92949,2.3756,20.2904,3,2,-1.337501909,9857054.02,59.0752,74.8097,-77.3566,0.765793,-0.0472551,0.186952,5.845059005,1707.068907,788.9287473,-2445.61,3,2,0
"179",8992,0.297135,2.85003,1.88893,20.4043,3,2,-1.339619339,9785228.95,55.8919,83.3225,-82.9127,0.321085,0.471054,0.207861,5.774536713,2094.669489,1113.384694,-2483.63,3,2,1
"180",9159,0.115237,6.26645,22.1669,51.8497,3,2,-1.34921535,9466228.32,208.611,85.3537,145.488,0.15678,-0.823117,-0.0201033,5.871619074,1467.140505,1027.442936,-2417.45,3,2,0
"181",9196,0.184504,4.88192,3.93236,25.94,3,2,-1.351287728,9398713.43,52.3309,70.4228,-100.94,0.238696,-0.695061,0.0662432,5.804369699,1493.543872,786.079107,-2444.39,3,2,0
"182",9266,0.238608,4.61314,3.45769,18.6876,3,2,-1.355387432,9266566.61,67.554,71.5582,-98.697,0.277411,0.395259,0.327329,5.860908148,1389.026419,829.0782703,-2435.02,3,2,0
"183",9283,0.200146,4.30514,3.04682,20.0239,3,2,-1.356603827,9227716.84,50.7925,71.7919,74.3161,0.362243,0.621403,-0.0163538,5.766075301,1795.209767,703.6163141,-2399.24,3,2,0
"184",9316,0.155166,4.09631,3.48769,32.7496,3,2,-1.35854105,9166180.92,72.8452,70.7219,-74.2249,0.211055,-0.672517,0.116428,5.73212963,1565.583911,1033.651333,-2366.65,3,2,0
"185",9359,0.216772,1.4528,1.35919,3.03523,3,2,-1.36092879,9090898.63,54.7133,66.4529,-90.53,0.142033,-0.816018,-0.0419487,5.691403356,1367.240459,680.451496,-2432.27,3,2,0
"186",9466,0.154897,5.50161,3.42391,33.8767,3,2,-1.366109735,8929669.75,59.1293,66.9386,-88.0257,0.241238,-0.617366,0.141396,5.798166852,1682.45452,991.0269364,-2417.33,3,2,0
"187",9495,0.262625,3.08781,2.62666,19.2729,3,2,-1.368227164,8864602.25,56.5033,73.1354,86.6397,0.798202,0.0288185,-0.172979,5.730243935,1694.800604,997.7727351,-2352.44,3,2,0
"188",9729,0.156797,5.5582,4.08417,29.3165,3,2,-1.380526277,8495923.33,46.9614,72.0368,112.528,0.412359,-0.325527,-0.262114,5.795661343,1735.240041,993.3957441,-2423.65,3,2,0
"189",9773,0.145562,4.44578,3.66677,18.1256,3,2,-1.38300412,8423524.05,61.0552,73.0263,-82.1575,0.622186,-0.192412,0.185402,5.771787338,2118.357566,1096.060578,-2524.91,3,2,1
"190",9795,0.174226,0.919159,1.29293,2.04788,3,2,-1.384175464,8389514.02,66.8768,67.4273,95.1581,0.26975,0.670527,-0.0597233,5.828181574,1694.630899,937.8383643,-2449.82,3,2,0
"191",9823,0.193697,4.05139,3.22773,15.7952,3,2,-1.38566217,8346545.11,58.1374,78.0426,59.9077,0.555362,0.38297,-0.0616677,5.722519398,1513.455999,1061.030508,-2384.26,3,2,0
"192",9917,0.266035,4.35552,5.61407,25.6084,3,2,-1.390347546,8212562.37,64.6218,79.4206,116.86,0.629496,0.320698,-0.049806,5.778714537,1952.343036,1114.289791,-2403.18,3,2,0
"193",9926,0.121012,8.27232,5.01948,61.56,3,2,-1.390707959,8202345.55,263.308,87.927,-148.913,0.41141,0.553807,0.0347827,5.757694676,1620.667529,940.3839487,-2351.1,3,2,0
"194",10084,0.262086,3.23196,2.69474,12.3149,3,2,-1.399673246,7952251.94,57.6262,73.7175,74.7991,0.722099,-0.111375,-0.166526,5.804004144,1898.673631,1166.544982,-2188.83,3,2,1
"195",10091,0.243088,4.82236,3.62849,17.716,3,2,-1.400258918,7936182.07,63.403,70.1542,-113.249,0.636345,0.158701,0.204954,5.72805331,1594.879345,497.3603371,-2380.9,3,2,0
"196",10227,0.154649,4.01101,3.10249,13.0264,3,2,-1.407962758,7727799.81,48.6067,64.9966,-76.9655,0.651134,-0.136403,0.212463,5.70446662,1769.075101,1050.777459,-2411.64,3,2,0
"197",10280,0.113213,5.15567,3.76311,24.7858,3,2,-1.410620808,7657178.8,283.636,77.2321,17.2454,0.475773,-0.437923,-0.0863039,5.876950023,1707.578024,902.970929,-2429.48,3,2,0
"198",10448,0.107189,7.06901,4.74547,23.3802,3,2,-1.41945094,7427173.86,68.8193,67.1241,-56.252,0.29367,-0.616245,0.0900844,5.69139456,1578.707813,485.9547047,-2497.73,3,2,0
"199",10459,0.256211,2.25154,1.3921,8.31645,3,2,-1.41999156,7413318.51,66.6568,75.7412,123.43,0.337899,0.598498,0.063603,5.748245648,1792.296487,1719.813612,-2116.94,3,2,1
"200",10552,0.131191,4.84221,4.00453,16.3557,3,2,-1.424947246,7287509.45,52.9092,67.9881,-101.655,0.334757,-0.496078,0.169165,5.803281019,1699.000818,986.501453,-2414.48,3,2,0
"201",10606,0.323306,1.68578,1.32147,6.85066,3,2,-1.428055813,7209684.84,56.6227,76.4677,-90.9808,0.474948,-0.519838,0.00521443,5.800373958,1695.005665,976.3544707,-2411.98,3,2,0
"202",10610,0.282014,2.81305,2.18638,5.50158,3,2,-1.428281072,7204077.76,62.8851,79.8754,100.289,0.752344,0.219246,0.0284099,5.780021065,1928.499395,1014.389744,-2390.01,3,2,0
"203",10653,0.12189,1.64865,1.53996,3.33533,3,2,-1.430713863,7143798.65,66.5419,71.6821,96.852,0.68013,0.153923,-0.165947,5.800362083,1690.784238,948.0489863,-2408.28,3,2,0
"204",10705,0.222125,0.800777,0.767976,1.5639,3,2,-1.433462016,7076312.05,53.3838,72.4309,-91.4619,0.464683,-0.461386,0.0739308,5.864076134,1456.505619,906.5559603,-2437.96,3,2,0
"205",10706,0.123238,2.15904,1.97025,4.19066,3,2,-1.433507068,7075211.03,17.7865,83.1463,40.4147,0.223971,0.733784,-0.0422455,5.891231204,1692.792421,909.2712504,-2383.69,3,2,0
"206",10784,0.124782,5.84999,3.45763,17.4904,3,2,-1.437651824,6974647.51,56.0216,68.1847,81.2344,0.515499,0.263976,-0.220526,5.703972431,1322.713945,920.8465884,-2291.89,3,2,0
"207",10816,0.143969,3.91831,4.10478,50.0011,3,2,-1.439183581,6937845.57,50.8371,76.3312,68.556,0.379134,0.546802,-0.074064,5.724077361,2027.720619,761.0192426,-2289.01,3,2,0
"208",10849,0.142841,4.88266,3.84585,37.2442,3,2,-1.441075753,6892652.29,59.6798,68.7194,100.506,0.412859,0.465565,-0.121577,5.848391898,1478.227939,817.6584958,-2448.51,3,2,0
"209",10962,0.176006,4.98583,3.3693,16.9954,3,2,-1.446887421,6755676.87,80.3358,74.8635,115.14,0.359705,0.531578,-0.108716,5.896103611,1790.486294,787.5357469,-2393.93,3,2,0
"210",11182,0.174898,5.58087,4.07975,25.5277,3,2,-1.458871171,6481764.43,62.6733,71.4648,77.307,0.510974,-0.21653,-0.272496,5.886374907,1591.852928,825.6558735,-2306.01,3,2,0
"211",11205,0.192521,4.69115,3.28591,14.6772,3,2,-1.460267774,6450573.66,48.5074,86.203,-129.705,0.365441,-0.58516,-0.0493988,5.871676088,1477.549117,1030.469353,-2419.82,3,2,0
"212",11268,0.385934,2.60748,2.08286,22.2073,3,2,-1.463286237,6383673.18,63.8985,76.4247,74.069,0.802659,-0.0894918,-0.107849,5.795604352,1671.381228,929.9753369,-2391.11,3,2,0
"213",11346,0.197494,4.31515,2.92863,11.7905,3,2,-1.467836458,6284132.2,64.0234,70.9351,-70.3082,0.44495,-0.382714,0.172335,5.77872456,1898.496855,1106.617682,-2449.93,3,2,0
"214",11400,0.156423,4.70064,3.56073,20.2052,3,2,-1.470314302,6230581.01,53.1393,81.4749,99.2699,0.264663,-0.492033,-0.243305,5.774115463,2127.931792,1050.423906,-2428.38,3,2,0
"215",11597,0.182024,6.52664,5.20781,172.9,3,2,-1.481081656,6003126.79,49.653,71.0698,-110.101,0.30654,-0.614969,0.0784915,5.796254769,1678.805849,969.2197633,-2417.01,3,2,0
"216",11637,0.170294,4.70062,3.88555,26.6799,3,2,-1.484010016,5942716,89.9486,85.2327,-44.5424,0.0629329,-0.884105,0.0529623,5.896108171,1700.308966,879.1272883,-2381.31,3,2,0
