"","X","semb","ux","uy","uz","well","stage","mw","m0","mti_strike","mit_dip","mti_rake","mdc","mclvd","mvol","date_time","x_coord","y_coord","z_coord"
"12",12,0.151612,0.898011,0.803116,1.74582,3,2,1.4,125892541179.42,57.7173,71.1352,77.4826,0.316804,0.551135,-0.132061,5.61633402777767,1352.83531342353,633.167265522718,-2081.54
"13",13,0.158204,0.751182,0.626167,2.03682,3,2,1.1,44668359215.1,264.602,79.6819,-148.558,0.290146,0.458181,0.251672,5.6437595138892,1680.02886233192,1793.90426004389,-2231.01
"14",14,0.222993,0.503837,0.404855,2.22672,3,2,1,31622776601.68,269.177,82.644,-139.443,0.229762,0.559823,0.210415,5.46304594907496,1565.42051468363,1742.59659200096,-2161.06
"16",16,0.34639,0.599507,0.395388,2.67012,3,2,0.9,22387211385.68,279.439,75.5876,-151.421,0.236362,0.570988,0.19265,5.49134555555604,1530.08294257727,1711.48389362875,-2105.31
"17",17,0.316144,3.97583,0.879091,3.67105,3,2,0.9,22387211385.68,121.604,87.7457,6.59236,0.85634,0.131405,-0.0122546,5.54458196759224,1448.16886617638,1682.22381502329,-2100.45
"18",18,0.230219,0.943983,0.672048,1.73271,3,2,0.9,22387211385.68,270.171,75.969,-146.191,0.412232,0.320037,0.267731,5.62285240740688,1521.44083579605,1721.99857146503,-2158.89
"19",19,0.27629,0.571701,0.407312,3.31535,3,2,0.9,22387211385.68,120.093,88.7942,-173.129,0.755909,0.176263,-0.0678278,5.69006053240763,1733.13703692499,1737.57613385455,-2118.8
"109",109,0.224892,1.35823,0.924569,2.13624,3,2,0.8,15848931924.61,273.416,77.0001,-149.392,0.379196,0.392465,0.228338,5.30066342592515,1561.0893206059,1737.62563132924,-2128.95
"110",110,0.15939,1.41379,1.13407,4.01686,3,2,0.8,15848931924.61,281.409,79.4195,-142.271,0.257551,0.447721,0.294728,5.42189236111111,1562.74950455685,1794.1729606207,-2218.93
"111",111,0.220595,0.847531,1.65251,2.38301,3,2,0.8,15848931924.61,276.023,74.5063,-156.548,0.28427,0.514327,0.201403,5.42250863425985,1503.47514678173,1712.41020351214,-2159.16
"112",112,0.22928,0.871259,0.712233,3.02876,3,2,0.8,15848931924.61,278.061,75.1015,30.1146,0.381612,-0.358227,-0.260161,5.63360243055556,1500.44791373471,1720.95912449666,-2170.83
"247",247,0.230251,1.03499,0.772186,2.37256,3,2,0.506599056,5753055768.84,123.814,87.1491,7.18757,0.891416,0.103888,-0.00469668,5.36696409722169,1466.76405012733,1714.82143763597,-2188.88
"255",255,0.321439,0.894589,0.591618,3.11786,3,2,0.489704671,5426964822.52,121.842,88.4567,5.59176,0.942499,0.0280301,0.0294706,5.54762935185322,1514.61080695352,1699.222662043,-2099.25
"290",290,0.10236,2.94093,2.13181,10.6111,3,2,0.435011916,4492808150.73,124.362,86.0411,9.93104,0.915904,0.0682425,0.0158533,5.44083053240622,1785.91742277373,1948.87378220872,-2348.1
"326",326,0.252323,0.877463,0.606954,5.0618,3,2,0.37473275,3648372092.35,122.203,88.5457,8.22218,0.701237,-0.219582,0.0791813,5.387864421297,1724.9087360661,1736.40940766557,-2128.61
"379",379,0.279425,1.29308,0.849148,3.73928,3,2,0.304587263,2863392575.23,123.139,87.2032,-171.721,0.918909,-0.0618616,-0.0192297,5.3807112731481,1420.04908986555,1677.60640774212,-2110.96
"386",386,0.170495,1.6575,1.56508,3.95709,3,2,0.300487559,2823132999.47,122.786,87.2804,-172.256,0.815847,0.129132,-0.0550214,5.37951048611215,1718.05879375119,1810.96674667388,-2233.94
"412",412,0.190295,2.72375,1.60137,10.5224,3,2,0.258093916,2438601709.99,119.844,86.2623,173.916,0.955109,0.040479,-0.00441251,5.53008828703728,1494.42077490424,951.895647142554,-2128.73
"433",433,0.127819,10.7116,4.50115,18.9484,3,2,0.229305883,2207795401.81,29.2455,88.7941,176.536,0.357123,-0.486468,0.156409,5.66997018518547,3785.45953084849,3415.32132250806,-2395.06
"438",438,0.225961,2.03566,1.23238,5.53194,3,2,0.226512678,2186598354.77,123.238,87.6911,-170.609,0.817196,0.137221,-0.0455832,5.47313250000002,1626.94805794744,1704.23604912159,-2099
"465",465,0.238104,2.41428,1.40758,5.09343,3,2,0.192859064,1946653235.79,121.949,87.6591,6.85729,0.834245,-0.106929,0.0588257,5.46054916666614,1508.32593321937,1702.13594198148,-2099.04
"473",473,0.152245,3.86677,3.03112,21.8486,3,2,0.185921103,1900560305.56,123.419,86.8107,9.07517,0.71711,-0.210889,0.0720009,5.3630186805543,1803.24129727679,1842.43299843669,-2291.7
"497",497,0.134035,3.75217,3.36217,10.0974,3,2,0.157133071,1720678001.98,294.597,89.9322,-174.966,0.964008,-0.0226567,0.0133356,5.55241712962864,2356.73904243841,1335.36672564783,-2398.99
"542",542,0.193139,1.80798,2.09779,6.14368,3,2,0.116045926,1493031219.57,120.595,86.5238,7.52228,0.917759,-0.0497671,0.032474,5.5583200694455,1715.64458018881,1810.96674667388,-2219.02
"612",612,0.279374,2.10017,1.39139,10.8194,3,2,0.058830276,1225308409.05,122.085,85.8604,-175.725,0.920656,-0.0504429,-0.0289011,5.67372337963018,1541.13136970199,1702.68748527083,-2098.86
"725",725,0.171849,1.87782,1.56426,4.78924,3,2,-0.019965136,933366686.3,279.31,52.0652,79.2713,0.374,0.120838,-0.505163,5.55747782407535,1652.97185297406,1792.05164027714,-2219.03
"817",817,0.151876,5.63847,7.45579,35.1877,3,2,-0.080694819,756759308.17,75.6712,49.5221,-90.2016,0.0611929,0.275562,0.663245,5.21827092592639,2390.01651712146,1407.80274431258,-2299.64
"854",854,0.158513,2.32752,1.04794,5.16389,3,2,-0.103986544,698264855.45,268.115,51.405,-95.3891,0.346475,-0.124705,0.52882,5.40843236111104,1742.53123959168,1863.41992770234,-2248.75
"867",867,0.280589,2.20095,1.41116,6.67854,3,2,-0.113672658,675291079.83,122.911,86.2619,6.7038,0.90054,-0.0461713,0.0532884,5.41274442129665,1521.15464171837,1711.30711693345,-2107.88
"981",981,0.211558,2.13933,1.53382,4.64816,3,2,-0.168545621,558703727.05,119.506,86.1448,-175.255,0.859027,0.0878163,-0.0531566,5.40207368055427,1751.88602679822,1758.86004796825,-2128.94
"993",993,0.179774,2.44368,1.21932,5.88281,3,2,-0.17305079,550077416.12,271.445,51.2077,-92.9251,0.437732,-0.0231074,0.539161,5.39542458333351,1813.40579221339,1851.95772677929,-2266.96
"1066",1066,0.18299,1.25121,0.705675,3.14199,3,2,-0.20710987,489029654.15,266.312,52.316,84.2978,0.43633,-0.00653527,-0.557135,5.46871421296287,1725.3311819066,1822.87442486908,-2248.88
"1088",1088,0.194375,3.18624,2.11469,7.73007,3,2,-0.216886088,472792815.02,273.837,54.2101,82.8289,0.345287,-0.0839756,-0.570737,5.45653597222158,1699.57297847099,1808.08882207449,-2248.86
"1102",1102,0.303343,4.45311,2.42826,11.4556,3,2,-0.225040444,459662774.38,296.85,89.654,0.571537,0.966755,0.0186158,0.0146288,5.60890675925822,2011.64706961199,936.558501058616,-2295.39
"1138",1138,0.192295,3.25723,3.05713,17.7152,3,2,-0.241123899,434824645.44,250.148,46.6106,87.9394,0.0609519,-0.292442,-0.646607,5.39181650463078,1609.35044674058,568.290218348852,-2248.85
"1155",1155,0.121909,0.769378,0.791634,1.4888,3,2,-0.247926705,424727070.83,268.605,52.181,-96.282,0.383425,-0.0741429,0.542432,5.40794092592542,1727.27602679821,1793.66384373827,-2224.23
"1180",1180,0.176962,1.11154,0.778645,3.12539,3,2,-0.255720648,413446222.21,269.788,53.1501,81.6523,0.364227,0.0925212,-0.543251,5.42142311342612,1721.18722087592,1813.37090972994,-2218.9
"1195",1195,0.163503,2.14149,0.9866,5.1855,3,2,-0.26216304,404348130.97,267.672,53.1941,-92.9265,0.344777,-0.111715,0.543509,5.3465212037028,1732.29316242194,1820.71067811865,-2248.83
"1197",1197,0.169656,3.30762,4.39298,21.2485,3,2,-0.264280469,401401782.29,272.47,52.5043,85.2289,0.410349,0.0389783,-0.550672,5.35416965277659,1812.17053968169,1865.65438513087,-2321.6
"1231",1231,0.114861,7.04635,4.88396,23.6411,3,2,-0.279778252,380480691.29,125.065,88.9523,1.40654,0.821704,-0.120979,0.0573168,5.45521745370494,1605.50478593108,1754.19314321243,-2183.78
"1232",1232,0.140887,4.0431,1.93927,9.74718,3,2,-0.280544131,379475553.85,272.409,51.9209,83.2486,0.385163,0.0902042,-0.524632,5.33606916666583,1787.90865658964,1853.87398615632,-2248.64
"1238",1238,0.145252,3.05055,5.22317,76.0377,3,2,-0.282030837,377531978.9,270.665,53.285,-93.3502,0.365948,-0.0945632,0.539488,5.36908509259147,1812.10648122773,1888.79091901127,-2330.71
"1242",1242,0.173212,2.62157,2.32312,16.6609,3,2,-0.282751664,376593226.13,271.684,52.641,-93.2029,0.345711,-0.115491,0.538798,5.34625902777745,1790.99812268371,1840.96928739967,-2278.87
"1259",1259,0.172531,2.46462,2.62264,20.1108,3,2,-0.289284159,368191502.76,272.648,54.4368,-97.4904,0.394008,-0.0420122,0.56398,5.32913659722165,1776.3528413095,1841.19556156961,-2255.4
"1313",1313,0.174776,2.08114,4.59282,9.2373,3,2,-0.311629799,340843723.85,268.997,52.7995,81.3092,0.344257,0.121498,-0.534245,5.35943418981576,1740.25369632786,1817.9883170111,-2223.45
"1394",1394,0.145863,2.87492,7.49153,6.54397,3,2,-0.350103945,298431101.92,275.833,51.6845,-92.5051,0.305912,0.103785,0.590303,5.67598143518523,1559.83925202514,1810.23842668928,-2218.82
"1398",1398,0.194209,1.64308,0.910467,3.72307,3,2,-0.350689617,297828033.88,270.476,53.4114,86.3794,0.367675,-0.0526006,-0.579725,5.38301694444484,1794.18522946491,1838.16914454615,-2218.93
"1403",1403,0.166621,2.14195,2.6049,8.66769,3,2,-0.352491685,295980072.69,270.48,53.1088,81.1166,0.326559,0.157919,-0.515521,5.37046715277765,1789.01337521543,1831.82639671889,-2248.79
"1407",1407,0.159797,2.17275,1.05499,8.92476,3,2,-0.353527874,294922691.72,256.643,54.4474,88.4638,0.316741,-0.0964852,-0.586774,5.53050560185203,1667.68911486363,1799.4055508015,-2248.8
"1434",1434,0.138286,5.99677,3.86677,36.9445,3,2,-0.365872038,282612874.92,265.042,50.7627,101.482,0.438226,0.0123303,-0.549444,5.29989023148186,1326.49911229461,355.451077211701,-2479.86
"1447",1447,0.120899,4.06668,1.7754,11.4036,3,2,-0.373305567,275449285.07,56.1996,50.8961,-87.6326,0.184988,0.17617,0.638843,5.20563759259328,2403.15736124418,1450.67462845592,-2266.76
"1492",1492,0.132987,4.13052,7.19373,24.558,3,2,-0.390425211,259634370.2,87.0267,48.4543,87.7465,0.402684,-0.022803,-0.574513,5.26307900462989,2403.12101205806,1413.1696847818,-2242.16
"1493",1493,0.173364,9.27877,1.76963,24.233,3,2,-0.390470263,259593973.17,272.788,54.0578,81.117,0.396972,0.0629576,-0.54007,5.44432805555562,1724.56184207839,1826.52309585999,-2248.77
"1538",1538,0.141146,1.41748,2.07853,22.9088,3,2,-0.407049286,245146711.04,68.2464,51.0269,79.5786,0.251426,-0.130222,-0.618352,5.2137096296306,2373.11240098241,1389.8846584773,-2326.58
"1545",1545,0.147013,4.00679,4.41709,53.2447,3,2,-0.409166715,243360409.5,95.9796,47.6835,88.7405,0.0826831,-0.242007,-0.67531,5.26312562499885,2380.96966287196,1406.94007403955,-2313.45
"1554",1554,0.190576,2.52318,2.03662,16.462,3,2,-0.411194042,241662318.07,274.627,54.1933,77.3547,0.314949,0.160985,-0.524065,5.36665104166777,1726.09064800068,1813.26484371274,-2249.09
"1798",1798,0.194008,4.37522,5.48961,23.0297,3,2,-0.485709542,186825299.44,150.649,48.5859,84.5289,0.0208056,-0.286501,-0.692693,5.34654650462998,1199.65348096537,564.71225803605,-2255.94
"1814",1814,0.110795,6.54326,4.20305,27.0045,3,2,-0.491160797,183340665.95,254.942,50.6168,-83.9989,0.376183,-0.0939088,0.529908,5.58064395833347,1584.53408602108,1884.56949152761,-2391.67
"1840",1840,0.163562,3.5681,2.86705,11.5477,3,2,-0.500306291,177639917.78,267.218,53.8992,78.525,0.270179,0.220168,-0.509653,5.32533018518653,1742.8060844833,1836.57108322066,-2253.67
"1854",1854,0.161506,3.24075,1.17026,5.41382,3,2,-0.503685168,175578869.34,275.539,51.0038,-97.736,0.326582,-0.136703,0.536715,5.36971664351722,1753.72174465509,1823.69466873524,-2233.97
"1887",1887,0.170026,3.18571,2.43142,39.0494,3,2,-0.511614266,170835687.99,255.657,50.969,87.7134,0.392511,-0.0571463,-0.550343,5.39357615740763,1793.06060826244,1821.83497790076,-2205.45
"1908",1908,0.1256,3.52114,2.84518,20.979,3,2,-0.516569952,167936490.05,72.5886,47.3884,-87.7297,0.239763,0.150686,0.60955,5.3018986342599,2371.95463402942,1387.2542212513,-2318.76
"1921",1921,0.138935,3.66058,3.37418,12.4002,3,2,-0.520354295,165755732.7,93.0314,48.4299,-97.5448,0.29629,0.123418,0.580292,5.2532172453707,2408.1151967779,1377.08602573784,-2325.74
"1977",1977,0.152583,4.64812,2.72886,17.6208,3,2,-0.5324732,158960858.65,95.3134,46.6152,-97.035,0.238942,0.150644,0.610415,5.55288087962954,2373.43234329729,1324.56213403132,-2362.9
"2027",2027,0.14149,5.21712,4.23714,27.8393,3,2,-0.54337571,153086338.23,75.0611,47.9481,-89.2797,0.4359,0.0171506,0.546949,5.26513740740716,2359.04869248342,1382.46003727484,-2359.28
"2055",2055,0.260287,2.35529,1.8898,18.5931,3,2,-0.55216079,148511065.85,227.339,47.24,90.7871,0.405357,0.0614526,-0.533191,5.43976124999976,1244.42460261786,1022.91745224493,-2364.35
"2117",2117,0.377433,2.66255,2.14144,5.4741,3,2,-0.565225781,141958476.06,67.2926,63.5669,-69.3694,0.330755,-0.546247,0.122998,5.41275745370322,1274.04652929259,484.257648472625,-2394.79
"2142",2142,0.103524,5.97418,5.07102,74.2534,3,2,-0.571127553,139094087.74,269.542,51.2818,85.7805,0.401666,-0.0385504,-0.559784,5.34982548611032,1889.1826932523,1959.03490665436,-2441.9
"2146",2146,0.12446,4.66535,17.0426,11.6684,3,2,-0.571758277,138791408.93,266.873,55.2628,-98.4591,0.348298,-0.0908701,0.560832,5.37035201388929,1776.32862774711,1837.81559115556,-2290.5
"2179",2179,0.115884,17.2672,8.93754,74.5274,3,2,-0.578921496,135399716.8,83.2344,51.2865,-96.2269,0.366033,0.0530921,0.580875,5.61109509259186,2389.98095437298,1366.88247488532,-2329.18
"2239",2239,0.120536,5.51401,3.99372,17.959,3,2,-0.595365364,127923977.4,240.756,49.2653,90.3427,0.40114,-0.0411231,-0.557737,5.59358013888752,1391.61862838484,1198.85269047196,-2218.88
"2255",2255,0.150338,3.17436,2.362,14.7371,3,2,-0.598023414,126754935.61,330.677,49.1802,-98.7366,0.392968,-0.0638939,0.543138,5.59120708333397,2060.26979682676,975.343308006682,-2312.9
"2269",2269,0.124631,6.95636,3.73491,41.974,3,2,-0.600591361,125635669.53,247.719,53.4417,94.3096,0.382633,-0.0234153,-0.593951,5.29788543981534,1537.76148507218,1837.19333718811,-2326.46
"2307",2307,0.414117,1.80071,1.30551,5.09756,3,2,-0.609106131,121994655.09,63.182,62.5215,-70.9672,0.322448,-0.527566,0.149986,5.38606053240873,1271.64033521485,476.564326693353,-2419.78
"2323",2323,0.334987,1.94539,1.61928,13.0867,3,2,-0.61334099,120223264.09,57.8388,66.5798,-107.689,0.713866,-0.0491244,0.23701,5.37421756944447,1173.25654018825,491.081228911091,-2405.56
"2324",2324,0.096594,5.10959,4.6389,20.413,3,2,-0.614242024,119849703.51,26.9387,77.8453,17.7427,0.239043,0.602329,-0.158629,5.36166298611021,1284.96616844192,654.889585840749,-2354.86
"2409",2409,0.136706,5.77841,4.23678,23.7349,3,2,-0.633343942,112197734.31,98.0424,45.3216,-93.793,0.109622,0.243312,0.647066,5.33070159722258,2416.92974939962,1453.38991849566,-2268.26
"2617",2617,0.321716,2.07407,1.65102,8.76569,3,2,-0.67321469,97763775.49,252.597,52.3492,92.3555,0.162955,-0.159422,-0.677622,5.3614642824067,1257.37933598377,408.81642598783,-2316.4
"2629",2629,0.178531,4.58738,4.3575,21.498,3,2,-0.675242017,97081610.99,255.653,51.6654,-92.21,0.252518,-0.207639,0.539843,5.30360562500027,1251.15716062181,486.753735410233,-2428.98
"2706",2706,0.115825,4.709,5.54235,16.7782,3,2,-0.687991646,92899319.13,264.368,49.0421,89.8422,0.314594,-0.0799965,-0.605409,5.58735192129733,1185.70810921905,906.223620145697,-2479.75
"2800",2800,0.326788,1.46851,1.18413,7.52761,3,2,-0.707904494,86724790.42,52.8896,70.0888,-104.391,0.420187,-0.456047,0.123767,5.42124793981512,1145.82849186105,505.117298517628,-2399.27
"2834",2834,0.373451,1.3963,1.13848,10.0438,3,2,-0.713716163,85001336.73,62.9911,72.8832,77.5215,0.577777,0.277521,-0.144703,5.46415921296235,1253.7830874277,1081.38104091343,-2423.42
"2843",2843,0.297813,2.23111,1.85892,12.5532,3,2,-0.714887507,84658143.32,55.9721,65.9894,73.823,0.754174,-0.0375714,-0.208254,5.32022303240719,1170.90232662587,490.996376097352,-2439.71
"2870",2870,0.17154,4.13229,3.09521,25.7487,3,2,-0.718761952,83532806.33,244.31,53.2101,-88.8181,0.331409,-0.0943948,0.574197,5.30147770833362,1226.32392834367,438.224997017397,-2360.03
"2953",2953,0.280645,2.77869,2.17004,21.6291,3,2,-0.732502719,79661030.74,98.6946,87.7635,-24.6709,0.0806181,-0.891481,0.0279008,5.42205337962895,1199.81656903079,485.954704747489,-2428.15
"2967",2967,0.193736,3.77564,3.00119,24.3511,3,2,-0.734620148,79080567.64,257.361,53.2012,-91.6979,0.234232,0.120662,0.645106,5.28280486111012,1316.44370081006,794.741165023844,-2479.86
"2973",2973,0.278037,0.959572,0.658321,4.17992,3,2,-0.735160769,78933043.11,280.447,74.8327,-149.398,0.43643,0.284674,0.278896,5.38909222222313,1426.12107038087,1676.70131106222,-2128.77
"2978",2978,0.330805,2.65545,2.16915,27.6221,3,2,-0.736061803,78687780.48,63.1757,71.4,-112.234,0.625373,-0.199988,0.174639,5.40463430555606,1310.24223240933,1075.79489734204,-2437.7
"3039",3039,0.255336,1.92888,1.64425,11.9868,3,2,-0.746874209,75803400.19,57.7297,66.6879,-97.0563,0.378412,-0.502711,0.118877,5.34922134259233,1164.90389950111,492.651005965347,-2419.76
"3049",3049,0.131793,4.78847,3.23581,20.902,3,2,-0.749532259,75110665.77,44.1144,56.325,100.196,0.53555,0.177295,-0.287154,5.35706326388926,1302.98449814337,674.646149307103,-2360.03
"3050",3050,0.216457,3.55948,3.58199,27.5066,3,2,-0.749577311,75098979.15,235.285,49.3265,82.9196,0.34232,0.118701,-0.538979,5.57881476851801,1149.24743110039,787.076127515764,-2433.14
"3072",3072,0.411674,1.68946,1.47035,16.7277,3,2,-0.752595774,74320109.18,57.3752,65.663,-89.6358,0.437448,-0.411634,0.150918,5.32163331018554,1270.56033521486,478.091677340698,-2403.13
"3123",3123,0.151108,6.54015,7.02077,18.2228,3,2,-0.760434769,72334893.52,52.6105,52.3734,-86.2701,0.159172,-0.684268,0.15656,5.29846060185245,1310.05784963613,438.451271187382,-2398.25
"3179",3179,0.3428,0.640573,0.612551,1.37398,3,2,-0.768589125,70326064.15,52.8551,69.8084,76.5001,0.49817,0.457667,-0.0441628,5.30376381944451,1206.42710293674,485.141531949108,-2420.24
"3204",3204,0.099154,6.13351,4.97874,29.6577,3,2,-0.772283364,69434442.69,93.3181,46.701,93.4072,0.280857,-0.116686,-0.602457,5.43337287036909,1211.61762210252,1061.6315485149,-2437.7
"3268",3268,0.158554,4.20806,3.80561,19.8683,3,2,-0.783636391,66764471.19,235.757,46.0189,92.0584,0.179751,-0.197066,-0.623182,5.4733902314802,1509.65626907197,1042.16489882881,-2449.58
"3273",3273,0.197332,4.13087,3.50434,24.156,3,2,-0.784717631,66515606.21,261.158,46.7192,-91.4056,0.328668,-0.104485,0.566847,5.31923502314698,1291.19705935403,908.118666319313,-2385.77
"3280",3280,0.202253,5.43705,3.61407,22.938,3,2,-0.786024131,66216131.32,60.2411,54.8771,-73.6236,0.277882,-0.564863,0.157256,5.29417951388767,1308.56394629054,490.070066214,-2429.68
"3290",3290,0.099095,5.08685,4.89364,23.0597,3,2,-0.788186612,65723409.04,75.4852,46.3616,91.7346,0.344689,-0.0932333,-0.562078,5.43971479166713,1313.85637033971,841.077872395018,-2240.18
"3368",3368,0.287841,2.98645,2.09859,17.4935,3,2,-0.802422947,62569917.09,262.375,54.3119,90.7656,0.268867,0.0848738,-0.646259,5.29707238425811,1252.52241315351,472.873229295538,-2476.81
"3376",3376,0.199958,2.56207,2.37964,22.9268,3,2,-0.804315118,62162335.5,292.547,53.4504,92.7268,0.261327,0.0803494,-0.658323,5.3568417592595,1258.82540379564,423.842445088044,-2368.15
"3387",3387,0.30791,0.961255,0.87893,2.41231,3,2,-0.805936979,61815093.64,92.2353,84.4162,-31.0833,0.0931142,-0.882765,0.0241206,5.42152898148254,1220.26225804513,492.035823065677,-2398.98
"3396",3396,0.156703,4.09467,2.73273,21.5877,3,2,-0.807243478,61536782.21,253.508,47.2475,-85.6293,0.155111,-0.310254,0.534635,5.30191847222271,1275.30822843366,469.670035576784,-2428.42
"3507",3507,0.093988,7.17156,4.64988,41.2094,3,2,-0.825399311,57796432.66,85.3391,58.4188,-124.7,0.564272,0.102737,0.332991,5.33040488426056,1194.18484104715,474.287442857911,-2433.45
"3520",3520,0.191778,4.05349,3.30197,35.6339,3,2,-0.828057361,57268256.11,213.66,47.6898,84.8899,0.2996,-0.0821931,-0.618207,5.47870650463082,1326.30955582844,706.529594070822,-2408.34
"3541",3541,0.196364,4.40381,3.10558,33.6559,3,2,-0.829949532,56895209.64,260.983,50.4361,87.0526,0.388193,0.0394165,-0.57239,5.48657347222169,1499.70690040119,1026.36106226931,-2403.41
"3600",3600,0.320171,3.11256,2.60422,20.9101,3,2,-0.837743475,55384059.8,56.6413,67.5438,71.1775,0.439019,0.449461,-0.11152,5.38347972222224,1153.73625881401,498.201794197645,-2401.97
"3631",3631,0.231844,1.31776,0.685702,5.80356,3,2,-0.842654109,54452626.99,275.096,77.1714,24.9024,0.279795,-0.520168,-0.200037,5.35515909722282,1486.82775862632,1713.76077746419,-2159.41
"3636",3636,0.125792,16.642,4.59998,16.3305,3,2,-0.844050712,54190596.56,248.37,50.7267,-98.5843,0.383103,0.0220957,0.594801,5.31184648148164,1172.92037495309,512.89547311068,-2420.13
"3675",3675,0.124289,5.55245,4.52282,30.263,3,2,-0.851168879,52874549.67,81.5462,45.5525,97.8353,0.127183,0.349568,-0.523249,5.40911967592659,1260.81033521486,491.880259573835,-2450.28
"3701",3701,0.140851,5.20794,3.0823,25.3543,3,2,-0.856665186,51880269.21,278.635,80.1912,-153.012,0.304478,0.670333,-0.025189,5.28166224537072,2359.1041975468,1358.48204632482,-2377.94
"3709",3709,0.269265,0.702739,0.680434,1.42443,3,2,-0.858151892,51614551.98,59.0189,66.6754,96.5464,0.547988,-0.193283,-0.258729,5.30272726851757,1257.86373349707,470.440781968254,-2444.04
"3713",3713,0.303483,2.50793,2.01106,12.8637,3,2,-0.858557357,51542320.19,51.4172,64.3715,-106.899,0.421585,-0.490576,0.0878393,5.30150217592716,1228.34713177927,486.576958714936,-2469.74
"3766",3766,0.130232,7.84008,5.61758,47.681,3,2,-0.868513781,49799998.36,258.057,46.9636,-91.2762,0.332504,-0.0636263,0.60387,5.28322525462895,1301.6545269859,708.962041398106,-2390.9
"3844",3844,0.168458,4.24339,2.60918,12.2872,3,2,-0.879776705,47899937.03,254.858,50.4079,-92.0155,0.116827,-0.36593,0.517243,5.29829625000004,1236.18078259318,437.942154304906,-2359.73
"3856",3856,0.218397,0.910378,0.907231,2.14519,3,2,-0.881443617,47624954.58,64.5088,64.2134,91.6294,0.391561,0.484311,-0.124129,5.30375347222167,1234.49423856046,479.59074371681,-2428.94
"3863",3863,0.164625,5.55302,4.51439,39.4098,3,2,-0.882885271,47388405.22,76.2704,61.6752,66.9489,0.290054,-0.343597,-0.366349,5.39780157407401,1213.49974362384,485.381948254729,-2421.45
"3865",3865,0.270819,2.36113,2.03721,11.8188,3,2,-0.883155582,47344183.05,57.522,66.4973,87.1183,0.553072,0.239553,-0.207376,5.32751270833391,1233.98134534164,482.023191044093,-2449.88
"3900",3900,0.33031,0.718621,0.673014,1.61345,3,2,-0.888922198,46410548.7,71.0035,67.8301,-56.9543,0.334319,-0.617826,0.0478551,5.31998877314782,1264.69612165248,482.970714130902,-2410.96
"3985",3985,0.157889,4.86453,3.32338,17.6467,3,2,-0.900230173,44632862.46,56.6554,61.495,-99.5717,0.331967,-0.510324,0.157709,5.42261666666578,1199.05550121892,469.959949357052,-2445.86
"3988",3988,0.238318,0.302841,0.280685,0.602022,3,2,-0.900455432,44598150.83,81.2163,82.3411,-47.9307,0.0853609,-0.85645,-0.0581891,5.49358127314735,1558.89787399648,1741.57835823609,-2164.5
"4028",4028,0.085052,7.93719,6.37767,54.5068,3,2,-0.904870498,43923228.33,265.586,45.163,95.9423,0.332323,-0.0711299,-0.596547,5.59727472222238,2398.77910012351,1340.7831635917,-2391.98
"4038",4038,0.151116,5.74106,5.22165,31.1386,3,2,-0.90599679,43752695.6,69.303,45.9365,95.8246,0.138162,-0.1908,-0.671038,5.3970014583347,1319.57135944404,968.71064639919,-2364.75
"4054",4054,0.281349,0.154694,0.146561,1.98135,3,2,-0.907663703,43501521.35,266.331,83.8637,-146.665,0.193344,0.644316,0.16234,5.30680877314949,1448.37254583284,1676.81444814719,-2111.12
"4065",4065,0.231135,0.343584,0.323795,1.66252,3,2,-0.909240512,43265251.44,270.116,80.8986,-147.427,0.152775,0.704139,0.143085,5.46950699074125,1568.28538841777,1744.5199224458,-2146.95
"4070",4070,0.167181,4.7289,3.77373,19.0637,3,2,-0.909826184,43177821.24,50.0337,55.5854,104.604,0.15242,0.682237,-0.165343,5.2983190046306,1322.2383149613,500.605957253696,-2518.76
"4118",4118,0.247353,0.831168,0.604219,2.14546,3,2,-0.916403731,42207964.01,272.262,74.9399,-147.958,0.339214,0.39098,0.269806,5.34073337963058,1502.99134085945,1724.19060248669,-2158.99
"4170",4170,0.1396,3.3225,2.76247,10.111,3,2,-0.922936227,41266312.2,62.3728,73.3936,120.164,0.716451,0.0993715,-0.184178,5.32281763888895,1350.39026663412,436.040037063513,-2386.49
"4177",4177,0.223298,1.25762,1.17633,2.90121,3,2,-0.923882312,41131687.92,262.554,79.4516,-146.462,0.465357,0.309756,0.224887,5.67136724537169,1551.84614601285,1731.91927960506,-2188.89
"4195",4195,0.242596,1.04756,0.794456,3.71812,3,2,-0.925999742,40831975.02,266.834,82.6746,32.5341,0.232623,-0.602445,-0.164932,5.40431810185313,1491.50329253226,1715.684107909,-2129.24
"4199",4199,0.315381,0.161685,0.16003,4.45186,3,2,-0.926495311,40762145.37,266.599,86.1292,33.4009,0.116001,-0.808552,-0.075447,5.52367715277882,1448.45952634817,1684.37341963808,-2111.21
"4230",4230,0.105554,5.43382,4.74489,39.4704,3,2,-0.931135635,40114053.33,62.063,46.7144,-86.3997,0.269141,0.131834,0.599025,5.30223851851843,1394.60068837659,995.757480779576,-2405.42
"4291",4291,0.282148,1.84279,1.45333,16.2018,3,2,-0.93978556,38933339.78,53.5362,74.233,71.5347,0.419469,0.442683,-0.137848,5.58535268518384,1176.04083643378,1027.44293564454,-2451.45
"4361",4361,0.094161,8.13876,5.9207,56.7157,3,2,-0.951408897,37401296.28,61.4284,61.1652,-71.7193,0.490311,-0.293079,0.21661,5.59383562500002,2382.55176965314,1406.40974395366,-2310.85
"4369",4369,0.288481,0.893085,0.59621,2.36276,3,2,-0.952445086,37267681.14,266.631,81.0282,33.1643,0.315609,-0.47534,-0.209051,5.47349268518388,1452.96295347291,1684.83303904587,-2098.97
"4473",4473,0.207353,3.63826,2.66817,16.3176,3,2,-0.963347596,35890425.4,67.3464,63.267,-77.6312,0.262623,-0.640168,0.0972091,5.29589300925809,1253.32203435597,489.667015348718,-2471.65
"4505",4505,0.250353,1.21177,0.89061,2.84198,3,2,-0.966861628,35457454.8,283.936,76.8611,24.4491,0.246193,-0.512933,-0.240875,5.37158997685269,1473.20958403327,1714.24161007539,-2188.85
"4508",4508,0.289066,0.229406,0.226989,4.54889,3,2,-0.967131938,35424366.55,262.622,82.8257,38.3881,0.347288,-0.416366,-0.236347,5.32312997685262,1448.07597295758,1684.06229265435,-2099.66
"4527",4527,0.223048,2.82689,2.30243,15.2616,3,2,-0.970285557,35040610.53,58.3344,71.5753,-123.824,0.657009,0.129463,0.213528,5.58010678240822,1136.06565248285,1025.08119899536,-2464.87
"4591",4591,0.210014,3.14257,2.21918,15.7606,3,2,-0.977448776,34184311.4,62.1599,67.7704,-85.9019,0.403317,0.274557,0.322126,5.30400240740842,1262.28282079359,473.580336076725,-2405.11
"4592",4592,0.287798,3.57693,2.57979,30.6035,3,2,-0.977674034,34157725.88,48.7909,66.1515,82.9867,0.643852,-0.118906,-0.237242,5.43869756944478,1231.20989873223,486.796161817103,-2402.04
"4640",4640,0.108208,6.66998,4.62589,11.4782,3,2,-0.984657047,33343749.11,247.792,52.0889,-97.0147,0.255712,-0.205566,0.538722,5.32471238426036,1258.33370465452,437.341113540914,-2329.94
"4642",4642,0.23926,3.29902,2.36064,15.4864,3,2,-0.984837254,33323001.99,253.933,57.9094,72.5747,0.293367,0.0241736,-0.68246,5.28996194444321,1253.91848096539,487.969959073854,-2480.2
"4652",4652,0.152532,1.11227,1.04831,6.04955,3,2,-0.985783339,33214291.4,273.652,82.0549,-146.783,0.265195,0.561806,0.172999,5.53319532407379,1542.51422318261,1802.30468860435,-2248.69
"4660",4660,0.140859,7.19204,5.02824,52.1367,3,2,-0.9874052,33028754.73,61.8907,56.497,106.554,0.22529,0.603736,-0.170973,5.28751504629574,1273.05756826191,470.29228954419,-2364.06
"4673",4673,0.217265,3.9106,3.38892,32.2205,3,2,-0.988306234,32926127,55.0909,66.3862,-105.321,0.579466,-0.262149,0.158385,5.35035233796195,1196.73565632732,499.700860573757,-2456.06
"4688",4688,0.197084,1.29728,1.19292,2.64759,3,2,-0.98979294,32757487.95,57.5543,63.5938,-86.5214,0.486361,-0.332075,0.181564,5.30605374999896,1219.21119023325,476.45118960834,-2438.15
"4757",4757,0.33681,3.33553,2.648,33.1575,3,2,-0.997451728,31902330.36,57.2381,67.6981,-106.637,0.751969,0.0328107,0.215221,5.32744863425968,1206.30553006147,492.141889082871,-2430.45
"4786",4786,0.112802,7.36621,5.3884,62.007,3,2,-1.00096576,31517470.86,242.207,46.799,-98.328,0.425704,-0.0274307,0.546866,5.43019192129649,1192.50374439275,427.158775891811,-2300.46
"4815",4815,0.124911,5.47873,5.70248,24.6817,3,2,-1.003128241,31282945.53,68.8261,59.4283,-69.1571,0.27375,-0.580735,0.145515,5.29004194444528,1294.84678182428,442.891901773212,-2386.01
"4831",4831,0.187773,2.31976,1.7451,9.09948,3,2,-1.004029275,31185742.42,250.184,87.5901,-142.617,0.488158,0.253713,0.258128,5.40637377314821,1787.14758877781,1837.87923076584,-2260.89
"4900",4900,0.210892,1.37106,1.14167,7.25278,3,2,-1.012544045,30281956.59,262.772,78.6283,-141.393,0.375498,0.339169,0.285333,5.43657574074136,1521.31979682675,1737.53370744768,-2191.45
"4908",4908,0.293859,1.9771,2.00056,30.7092,3,2,-1.013354975,30197259.94,59.2897,68.4701,-90.8393,0.451559,-0.39019,0.158251,5.48523375000115,1407.91121138688,1121.18408162641,-2319.45
"4938",4938,0.182637,1.85089,1.6058,6.96686,3,2,-1.016553646,29865482.19,256.763,89.2364,-144.334,0.420724,0.369055,0.210221,5.35898909722213,1753.42187092092,1818.14388050294,-2249.01
"4943",4943,0.249021,1.14659,0.829766,2.3273,3,2,-1.01745468,29772683.45,278.274,81.5108,34.3717,0.272925,-0.476602,-0.250473,5.3960382870364,1521.41715613962,1727.15337989986,-2146.9
"4958",4958,0.247485,1.0862,0.756292,3.08336,3,2,-1.019527057,29560339.29,74.2937,81.3894,126.04,0.166993,0.75882,0.0741868,5.44185291666675,1562.24287399648,1736.84781386995,-2128.9
"4959",4959,0.228101,6.90237,1.4295,7.1968,3,2,-1.019527057,29560339.29,246.819,48.9369,-86.9724,0.0792203,0.238299,0.682481,5.5165907870371,1725.50005640963,1740.6944747596,-2158.63
"5003",5003,0.163233,1.11259,1.09912,2.30809,3,2,-1.025068416,28999958.47,42.8367,54.7331,-99.3947,0.136875,-0.675019,0.188105,5.34610143518558,1277.03310216782,473.205569482717,-2443.82
"5079",5079,0.135989,5.52845,12.9928,17.4508,3,2,-1.033357927,28181435.38,70.6377,70.7418,-101.181,0.0641181,0.518763,0.417119,5.42286254629493,1143.83927829867,504.516257753636,-2413.71
"5088",5088,0.230804,3.02934,2.07298,8.34112,3,2,-1.035159995,28006575.42,52.2882,64.6362,112.817,0.481367,-0.226219,-0.292414,5.39635824074072,1338.59001410243,464.677861701568,-2384.05
"5149",5149,0.217141,1.57936,1.28576,3.62363,3,2,-1.041917749,27360458.85,257.985,87.3279,51.1046,0.331056,-0.451277,-0.217667,5.45596402777842,1536.4015248104,1735.83665117281,-2159.01
"5166",5166,0.247276,0.70853,0.526049,1.58317,3,2,-1.042953938,27262714.34,78.8699,81.3799,-50.1194,0.0871501,-0.815641,-0.0972087,5.50025511574138,1516.2616222337,1725.90887196497,-2158.95
"5192",5192,0.263134,25.2604,13.2785,335.764,3,2,-1.045206523,27051429.23,60.3354,66.6049,-85.1341,0.481469,-0.393435,0.125096,5.29801555555452,1233.39345212282,484.561704388571,-2469.73
"5210",5210,0.217337,0.907224,0.593211,1.73669,3,2,-1.047369004,26850136.26,260.42,87.5509,-137.393,0.309131,0.477724,0.213145,5.44732534722322,1526.77413665495,1727.25944591706,-2158.83
"5275",5275,0.305108,0.953395,0.592447,2.991,3,2,-1.053450983,26291994.06,262.336,89.6843,-135.532,0.169097,0.703865,0.127039,5.49404620370379,1532.23215613963,1711.8586602228,-2087.11
"5276",5276,0.270192,0.61466,0.609169,1.30104,3,2,-1.053496034,26287903.33,55.8622,65.5376,94.6945,0.545171,0.286974,-0.167855,5.30604543981453,1232.21081143572,475.991570200552,-2435.01
"5292",5292,0.242392,1.26326,1.37481,4.40841,3,2,-1.055748619,26084172.97,261.045,89.1452,42.4216,0.217126,-0.630382,-0.152492,5.36386428240825,1469.99537047091,1715.37298092527,-2188.87
"5322",5322,0.218005,1.773,1.3629,4.59082,3,2,-1.058676979,25821682.19,79.9405,88.0633,-39.1277,0.33934,-0.582854,-0.0778059,5.63732421296338,1569.96406807419,1737.02459056524,-2200.93
"5354",5354,0.2353,1.38574,1.35917,3.4539,3,2,-1.061785546,25545927.84,264.594,82.3511,-145.826,0.319606,0.44865,0.231744,5.45760150462941,1511.13964171835,1725.47046576064,-2138.03
"5363",5363,0.185027,1.67891,1.78067,5.50601,3,2,-1.062911838,25446745.3,267.123,80.8274,-145.757,0.308196,0.436989,0.254814,5.32985418981424,1518.55353416826,1801.19453095792,-2279.05
"5418",5418,0.14928,1.73074,0.728479,3.61797,3,2,-1.068903713,24925531.66,262.122,87.1639,40.6028,0.344649,-0.467813,-0.187538,5.62431863426058,1585.99494103947,1808.24438556633,-2218.97
"5440",5440,0.147807,7.19088,6.14345,52.4797,3,2,-1.07174197,24682380.61,88.5101,63.323,-133.139,0.298902,0.373769,0.327329,5.58039539351783,1140.85059479776,953.444210993354,-2480.37
"5486",5486,0.237448,1.03138,0.684501,1.86664,3,2,-1.075706519,24346706.56,267.737,84.1726,40.4207,0.299782,-0.470234,-0.229984,5.4111471759252,1514.86451545251,1726.17757254182,-2158.88
"5495",5495,0.273625,3.01959,1.85765,45.2292,3,2,-1.076066933,24316418.01,61.2903,74.3111,-56.6779,0.608033,-0.280432,0.111535,5.47843127314691,1494.86954108832,1043.44476210276,-2420.14
"5515",5515,0.14261,2.82069,2.82203,20.5765,3,2,-1.07732838,24210704.67,262.232,78.9658,-143.579,0.385209,0.356071,0.25872,5.49897763888869,1659.73015383295,1795.29726040281,-2253.45
"5534",5534,0.312889,3.47537,2.45196,22.4058,3,2,-1.079941378,23993186.68,59.6931,67.2306,-77.9784,0.694327,-0.129634,0.176039,5.32166863426014,1254.98807332529,471.946919412185,-2431.96
"5543",5543,0.232367,22.7288,13.7845,295.174,3,2,-1.080842412,23918634.48,54.4073,66.7932,-79.325,0.4623,-0.383117,0.154583,5.31760743055631,1236.0772580451,469.670035576784,-2458.03
"5592",5592,0.205308,3.59848,2.99881,13.1767,3,2,-1.085392633,23545669.87,58.6703,70.4085,-109.117,0.688391,-0.161374,0.150235,5.41492562499863,1182.17443340706,476.762316592064,-2446.74
"5637",5637,0.226246,4.95745,3.17381,38.705,3,2,-1.088906665,23261622.45,49.8846,68.7463,-107.193,0.401537,-0.478531,0.119931,5.33952817129592,1183.84930714123,480.368561176099,-2431.11
"5683",5683,0.139818,4.75841,4.47238,25.3741,3,2,-1.092600904,22966702.46,52.4559,70.6507,63.4832,0.318161,0.541621,-0.140218,5.41355222222154,1173.78804063828,993.926074216284,-2351.33
"5693",5693,0.309603,0.7609,0.788511,32.3569,3,2,-1.093862352,22866856.8,64.6344,70.9107,-105.826,0.643936,-0.156588,0.199476,5.46566423611233,1247.04161197575,1059.33345147604,-2415.29
"5767",5767,0.144732,5.6627,5.13532,43.6426,3,2,-1.101295881,22287234.29,56.435,73.309,-110.487,0.360491,-0.555254,0.084255,5.40185331018435,1107.34330791009,500.648383660565,-2420.59
"5790",5790,0.315517,2.09038,1.74954,4.23383,3,2,-1.103458362,22121392.27,66.9982,77.6011,-73.0799,0.405211,-0.568872,-0.0259173,5.48929625000115,1545.48535636847,1000.88400494318,-2419.98
"5803",5803,0.232822,3.06223,3.12731,23.3175,3,2,-1.104945068,22008092.26,61.511,72.5058,-99.0823,0.564625,-0.265859,0.169516,5.40889543981464,1281.32724330498,980.971877984942,-2378.74
"5807",5807,0.20507,3.61005,2.31442,18.3112,3,2,-1.106026309,21926056.88,60.6327,67.5536,113.306,0.460181,0.43611,-0.103709,5.31456571759173,1234.60200551342,483.706105183321,-2408.77
"5809",5809,0.288755,0.985183,0.970741,2.00885,3,2,-1.106206516,21912414.07,57.9625,64.7628,80.2003,0.464614,0.392276,-0.14311,5.35752506944316,1167.50402576697,482.998998402134,-2435.11
"5815",5815,0.105739,6.76045,5.27949,30.8138,3,2,-1.107017446,21851126.49,253.258,47.7225,-83.3926,0.242644,-0.218743,0.538613,5.34451780092661,1256.15263684264,423.354541409065,-2382.79
"5828",5828,0.135598,1.63332,1.33165,3.00907,3,2,-1.108053635,21773063.92,59.6105,66.0541,-92.3166,0.741611,-0.0147398,0.243649,5.296852430555,1229.08738431096,473.580336076724,-2440.43
"5829",5829,0.25174,1.63282,1.56266,4.21434,3,2,-1.108053635,21773063.92,43.9171,67.8891,-109.982,0.155474,-0.841863,0.00266315,5.32166229166642,990.641356237311,690.442914798828,-2416.5
"5891",5891,0.12554,4.48921,3.48903,15.2757,3,2,-1.114360872,21303879.26,65.4179,65.2044,-79.6151,0.509042,-0.340728,0.15023,5.38987775462921,1287.25152929258,465.582958381506,-2406.17
"5894",5894,0.11911,6.12923,4.55598,35.4401,3,2,-1.114405924,21300564.54,227.744,50.193,-101.224,0.219045,-0.225337,0.555618,5.32471960648066,1188.14471478129,488.80434507569,-2441.06
"5977",5977,0.128411,1.94789,1.71166,4.10224,3,2,-1.121839453,20760643.96,43.8342,69.2116,-84.0224,0.365615,0.338767,0.295619,5.42213298611067,1194.6673554684,489.822578840601,-2414.61
"5998",5998,0.112588,7.12227,5.04645,16.9624,3,2,-1.123055849,20673605.59,55.6508,61.6356,-57.3867,0.625795,-0.171885,0.20232,5.29711006944378,1329.45001410241,477.603773661677,-2428.65
"6010",6010,0.221836,1.16264,1.08276,3.45,3,2,-1.124452451,20574122.6,256.955,87.2801,-137.369,0.341786,0.433897,0.224317,5.58081805555633,1526.94413665496,1727.01902961144,-2158.86
"6026",6026,0.104372,6.73803,5.11289,32.7148,3,2,-1.125713899,20484678.47,196.53,78.5383,-28.8436,0.281443,0.54864,0.169917,5.57765458333272,1317.7548839921,939.698055167086,-2361.06
"6045",6045,0.156468,4.19985,1.94809,4.71396,3,2,-1.127290708,20373419.99,238.881,55.1026,-122.357,0.125644,-0.208882,0.665474,5.29037729166724,1264.60414113717,475.418813707793,-2473.71
"6113",6113,0.150346,3.18428,2.58407,13.6066,3,2,-1.133823204,19918892.79,72.6167,88.9521,-43.3577,0.39447,-0.384831,-0.220699,5.58111817129508,1814.72289899459,1851.80216328741,-2325.84
"6116",6116,0.291523,2.18039,1.59431,9.61257,3,2,-1.134318772,19884828.15,53.972,72.195,-81.8921,0.772655,-0.0202517,0.207094,5.47642872685084,1462.25001025795,729.376214170958,-2338.91
"6119",6119,0.230273,4.14834,3.31912,15.2257,3,2,-1.134814341,19850821.7,37.0548,64.5466,62.4666,0.166293,0.706659,-0.127048,5.41101900463027,1177.67902576696,468.609375405004,-2445.95
"6189",6189,0.138117,2.52489,3.08816,8.47487,3,2,-1.140400751,19471475.99,253.163,88.9089,45.5198,0.326398,-0.47925,-0.194352,5.29741796296228,1493.15520446684,1791.87486358185,-2283.45
"6229",6229,0.345605,2.51317,1.5891,24.9296,3,2,-1.14382468,19242565.79,64.2211,78.5171,106.307,0.492318,0.487965,0.0197164,5.48849134259202,1573.77691834808,1089.76025627048,-2471.35
"6270",6270,0.138967,1.34342,1.35391,2.9189,3,2,-1.14702335,19031147.49,61.941,64.8481,87.8626,0.482264,0.26713,-0.250606,5.29630666666561,1254.11885976293,469.7619594583,-2447.15
"6308",6308,0.224015,0.846051,0.687715,2.42488,3,2,-1.149861606,18845496.81,75.8549,86.0667,-48.1784,0.268107,-0.599218,-0.132675,5.45387810185276,1568.13196129301,1737.90847404173,-2158.93
"6320",6320,0.151636,4.9134,2.9008,26.4543,3,2,-1.150672537,18792787.13,256.044,88.386,36.8559,0.337325,-0.646191,-0.0164838,5.25525840277749,1618.8267664464,1743.03499820533,-2219.9
"6366",6366,0.086101,6.31177,5.55677,30.5147,3,2,-1.154186569,18566076.97,52.6414,62.0576,86.777,0.275248,0.525777,-0.198975,5.33436057870311,944.74649339884,613.658189429763,-2413.64
"6368",6368,0.138227,7.45252,5.55841,27.5998,3,2,-1.154366776,18554524.8,258.516,46.9341,91.9814,0.221583,0.207997,-0.57042,5.28997215277895,1242.8759665441,487.368918309862,-2478.57
"6420",6420,0.128254,6.84696,3.92143,32.395,3,2,-1.158691738,18279419.22,63.5425,68.5011,87.3921,0.27323,0.575826,-0.150945,5.48801002314797,1529.97792847486,1103.90239189421,-2484.39
"6433",6433,0.150399,7.35173,4.13213,19.7964,3,2,-1.159908134,18202783.3,35.4168,66.5068,-51.1193,0.180704,0.475147,0.344149,5.57719409722145,1931.25725356293,1109.14205314282,-2435.86
"6469",6469,0.189918,3.62345,2.71528,21.1381,3,2,-1.163016701,18008392.53,64.0421,67.9761,74.829,0.702957,0.131069,-0.165974,5.32545803240604,1212.61920971791,478.091677340698,-2479.77
"6492",6492,0.186467,3.22583,1.72954,17.4679,3,2,-1.164368252,17924523.61,260.749,86.486,32.6221,0.274492,-0.59078,-0.134729,5.36493541666755,1456.13323484717,1700.83486550408,-2182.95
"6496",6496,0.276798,3.0503,2.41269,14.5657,3,2,-1.16459351,17910583.51,58.6727,73.9402,-111.374,0.417579,-0.451097,0.131324,5.53614256944369,1312.5297288837,920.627385278505,-2404.86
"6595",6595,0.234843,3.63721,2.74165,15.1414,3,2,-1.172162195,17448444.14,56.2127,64.2479,-87.8329,0.408348,-0.472867,0.118786,5.3307208796287,1251.42162671587,477.844189967299,-2480.03
"6683",6683,0.159765,4.27106,3.8728,14.2034,3,2,-1.179190259,17029998.57,44.1614,78.8797,98.5057,0.381393,-0.388291,-0.230316,5.42453692129641,1164.38864312497,944.909432144428,-2449.98
"6728",6728,0.203783,4.19949,3.11906,18.7014,3,2,-1.182298826,16848132.18,84.01,79.366,142.217,0.104216,0.829547,-0.0662378,5.28861078703569,1320.8496820943,708.276147820333,-2527.77
"6751",6751,0.124436,5.3837,5.18716,35.852,3,2,-1.184506359,16720161.25,84.6525,60.1166,68.0864,0.209602,-0.38118,-0.409219,5.33513472222344,1408.26637739093,1011.42696705065,-2317.39
"6754",6754,0.108278,1.12952,1.152,2.41132,3,2,-1.184641514,16712357.95,56.3695,61.1632,103.167,0.580259,0.180488,-0.239253,5.29973773148049,1234.61068516986,478.5725099519,-2428.93
"6817",6817,0.147787,2.76088,2.04054,15.0446,3,2,-1.189507097,16433851.36,263.946,83.269,41.2716,0.266384,-0.4708,-0.262816,5.35750877314696,1469.92332137479,1778.63782463806,-2275.04
"6827",6827,0.190978,6.30234,6.10277,53.1397,3,2,-1.190272975,16390437.18,71.7523,67.7084,67.1082,0.721443,-0.0547673,-0.22379,5.38483050925864,1213.5742097179,476.74110338865,-2481.17
"6861",6861,0.112613,7.93061,4.22743,54.6376,3,2,-1.193651852,16200268.85,84.0928,71.3693,136.505,0.279261,0.57848,-0.142259,5.477473796297,1565.22705550958,960.161725414627,-2422.93
"6941",6941,0.141071,6.22889,4.97844,42.4521,3,2,-1.199688779,15865977.41,54.354,73.3903,-109.429,0.45031,-0.38983,0.15986,5.50248050925908,1300.57318485101,976.799947975925,-2441.63
"6970",6970,0.134355,4.78582,3.80702,42.5341,3,2,-1.202436933,15716093.38,64.7399,68.1254,-87.4599,0.263011,-0.601087,0.135902,5.37498733796179,1247.01873349707,485.777928052192,-2389.9
"6974",6974,0.221976,3.20348,2.58767,14.4886,3,2,-1.202707243,15701427.4,53.5259,70.4215,80.973,0.761026,0.0995717,-0.139402,5.35297703703796,1187.42720036001,473.60154928018,-2428.97
"7084",7084,0.182857,8.25784,4.13783,154.776,3,2,-1.210681393,15274883.64,59.6972,74.7569,67.0983,0.824553,0.00831954,-0.167127,5.46750930555441,1324.81839059329,729.97725493495,-2430.45
"7121",7121,0.262047,3.30831,2.57294,18.4501,3,2,-1.214285528,15085916.79,72.963,78.8585,-60.8973,0.273766,-0.682252,-0.0439821,5.50782451389013,1401.93581464246,979.409171998504,-2450.79
"7134",7134,0.184122,4.7485,3.64862,32.7712,3,2,-1.215096458,15043722.47,53.8823,68.9534,-93.2505,0.618514,-0.228902,0.152584,5.34934305555567,1180.52088001648,478.247240832539,-2433.92
"7163",7163,0.246182,0.794155,0.789627,1.6636,3,2,-1.216448009,14973660.65,52.1909,62.5528,-93.4452,0.684766,-0.0766728,0.238561,5.38302986111078,1243.24385976293,485.141531949108,-2407.91
"7166",7166,0.200128,5.56496,3.58816,47.158,3,2,-1.216628216,14964343.75,82.866,74.9586,116.709,0.0426393,0.943801,-0.0135597,5.29188120370386,1327.11141712914,1022.91745224493,-2415.16
"7177",7177,0.290221,2.84783,1.99259,19.643,3,2,-1.21779956,14903925.12,52.7973,76.1195,-96.3048,0.754268,-0.0754258,0.170307,5.40891284722145,1350.33660108006,1048.96726606386,-2441.63
"7180",7180,0.129643,4.68184,3.57333,27.2169,3,2,-1.218024819,14892334.12,50.7349,69.0698,68.2981,0.289733,0.630888,-0.0793794,5.57292006944341,1141.47111075684,792.952184867422,-2444.5
"7195",7195,0.140191,4.84811,3.4659,31.1876,3,2,-1.219106059,14836822.86,55.5101,65.1598,79.2724,0.585594,0.280943,-0.133463,5.35638659722275,1186.52484104714,485.120318745694,-2467.72
"7274",7274,0.221189,4.38949,3.24596,11.1609,3,2,-1.225142986,14530666.03,254.804,54.6417,-77.3248,0.250094,-0.153818,0.596088,5.29999960648241,1236.95748173427,424.040434986797,-2377.33
"7288",7288,0.194443,4.4388,3.03219,16.917,3,2,-1.22604402,14485515.99,53.4904,64.6152,82.4365,0.471703,0.393001,-0.135296,5.48604916666669,1396.43357454422,687.593274470627,-2449.97
"7315",7315,0.189837,0.60288,0.586081,1.23285,3,2,-1.227801036,14397876.57,56.6863,68.7311,101.647,0.539574,0.274893,-0.185533,5.43842166666631,1237.51133060149,1052.3260232745,-2269.94
"7320",7320,0.209479,4.65587,2.86503,47.4828,3,2,-1.228026294,14386679.18,280.209,77.215,-147.581,0.131706,0.671772,0.196522,5.47325960648281,1193.81874054827,864.879086649739,-2434.44
"7487",7487,0.188832,4.04847,3.09774,21.8534,3,2,-1.239154063,13844233.18,277.146,89.4213,-148.854,0.181762,0.735273,0.0829644,5.5836104398138,1078.61117933758,811.004620991135,-2404.09
"7517",7517,0.292468,3.18221,2.73145,24.0121,3,2,-1.241001182,13756191.94,52.5041,73.3007,-78.7522,0.568953,0.18751,0.243536,5.46349423611054,1357.60967119862,792.004661780655,-2435.4
"7573",7573,0.251764,2.63751,2.06683,19.7679,3,2,-1.245145938,13560668.3,53.5972,65.4729,90.106,0.680987,0.0868536,-0.232159,5.39865821759182,1186.70682156248,492.544939948152,-2419.9
"7623",7623,0.192126,4.29693,3.28909,35.7396,3,2,-1.248750073,13392908.15,61.9956,71.7442,87.2334,0.483878,-0.202594,-0.313527,5.43808053240732,1357.81954493279,797.682729233562,-2343.45
"7673",7673,0.240019,4.76776,3.98471,29.3898,3,2,-1.252083899,13239578.27,49.7634,67.617,-109.564,0.272924,-0.625367,0.101709,5.42118747685243,1216.1280733253,526.903258445984,-2335.09
"7727",7727,0.139264,4.77109,3.78557,21.7489,3,2,-1.256453913,13041247.3,60.6749,66.8173,88.0449,0.281428,0.578489,-0.140083,5.50550493055472,1337.9517959267,989.66222032571,-2411.93
"7747",7747,0.348312,2.35819,1.80351,26.2997,3,2,-1.258210929,12962345.9,50.3126,77.1337,-93.6469,0.826068,-0.0465723,0.12736,5.37879414351726,1291.65504999616,867.353960383892,-2430.22
"7800",7800,0.156352,1.26757,1.21206,2.63794,3,2,-1.261319496,12823918.7,61.648,68.8658,-85.9665,0.69294,0.0374608,0.2696,5.46530011574151,1441.5544366138,853.388601455458,-2398.95
"7810",7810,0.171561,5.18285,4.45767,33.388,3,2,-1.261724961,12805972.31,39.0208,64.781,66.075,0.071955,0.821047,-0.106998,5.55311261574151,1169.59576080182,803.537573381806,-2422.84
"7865",7865,0.233143,3.79134,2.70111,19.0606,3,2,-1.26623013,12608249.81,70.1827,76.5862,-53.9068,0.44547,-0.475109,0.0794209,5.50333520833265,1381.83817395533,997.588887342826,-2414.7
"7916",7916,0.194223,3.85377,2.77898,17.7288,3,2,-1.269789214,12454209.84,217.634,78.0575,32.8008,0.049266,0.278056,-0.672678,5.29033104166664,1254.60782079361,484.434425167922,-2473.98
"7972",7972,0.131819,4.74398,3.84376,42.0756,3,2,-1.274880056,12237139.64,35.5902,88.931,40.9472,0.206311,0.735372,-0.0583171,5.47454974537094,1316.27096975085,1127.0177125712,-2318.93
"7986",7986,0.217574,3.77812,3.17321,29.0291,3,2,-1.276186555,12182044.1,59.4533,67.3386,81.6659,0.515857,0.394918,-0.0892245,5.32509624999982,997.335317267977,696.340185353942,-2472.69
"7996",7996,0.118693,4.29295,3.92715,33.9806,3,2,-1.276817278,12155535.14,60.4787,71.8233,-116.484,0.423381,-0.496377,0.0802421,5.34916354166689,1154.09107486307,438.804824577975,-2344.59
"8076",8076,0.154254,2.44418,1.99202,7.08211,3,2,-1.281142241,11975306.52,258.402,88.8417,44.0112,0.337287,-0.474522,-0.188191,5.45652962963062,1589.5883681642,1809.99093931589,-2248.98
"8093",8093,0.176424,3.72948,3.16308,20.5072,3,2,-1.28244874,11921389.84,61.1337,74.1141,-114.915,0.523894,0.198979,0.277126,5.51739731481506,1325.79146776301,785.789193174041,-2389.4
"8120",8120,0.16146,5.68225,3.51021,15.533,3,2,-1.284521118,11836364.29,70.9293,65.0672,115.807,0.594784,0.141775,-0.263441,5.41805319444449,1343.86174208606,476.854240473621,-2402.36
"8213",8213,0.256511,4.49204,3.41647,28.1136,3,2,-1.291459079,11556102.4,58.4462,70.4351,102.446,0.781978,0.0655835,-0.152439,5.35020284722249,1233.35200551342,485.473872136287,-2409.25
"8346",8346,0.145216,5.96444,4.32911,32.0938,3,2,-1.298982712,11259676.99,58.9468,66.5744,-87.1109,0.539981,-0.24114,0.218878,5.35194324073968,1166.71704525162,476.429976404926,-2394.64
"8394",8394,0.267061,3.03635,2.15883,7.8468,3,2,-1.301685813,11155043.82,63.9271,73.8227,64.5362,0.797143,-0.01045,-0.192407,5.30372127314685,1349.81025189399,1012.15528703525,-2389.89
"8444",8444,0.158463,4.86209,4.14782,26.2406,3,2,-1.304208708,11058263.6,54.5154,68.7047,-82.3135,0.517235,-0.299365,0.1834,5.41473800926021,1519.07885207399,974.2119371568,-2419.66
"8524",8524,0.102603,6.16916,5.19682,52.1619,3,2,-1.30826336,10904479.99,75.1442,72.2446,-72.4803,0.307675,-0.537225,0.1551,5.60284493055609,1331.44513652381,908.387366896126,-2433.93
"8637",8637,0.10267,7.19584,4.49809,82.0567,3,2,-1.315201321,10646283.3,60.9615,65.0546,93.3406,0.410621,0.334681,-0.254698,5.41023032407518,1611.02814126831,1080.61029452196,-2487.45
"8642",8642,0.229389,2.72906,3.57912,58.0539,3,2,-1.315336476,10641314.68,54.2048,67.5693,-90.9079,0.225082,-0.653859,0.12106,5.4890886111116,1266.30173824161,1026.12064596369,-2319.45
"8694",8694,0.204175,4.0682,3.01529,28.2647,3,2,-1.31835494,10530950.95,50.3569,66.9862,-74.5644,0.627341,-0.138163,0.234497,5.56914787036953,1190.32522689591,765.686147384871,-2363.52
"8772",8772,0.171029,5.72827,4.25565,17.7992,3,2,-1.323130419,10358678.91,50.0748,65.8685,-84.3295,0.502992,-0.33612,0.160889,5.29774296296416,1222.14159787332,486.817375020558,-2480.07
"8815",8815,0.278235,1.60287,1.0439,4.34777,3,2,-1.325428056,10276800.27,67.2087,78.7397,119.699,0.240468,0.672637,0.0868952,5.29641493055556,1425.23962377148,1678.80141820232,-2128.9
"8846",8846,0.130302,6.07189,5.16139,34.1579,3,2,-1.326554348,10236900.4,59.965,68.4405,-71.8734,0.664579,-0.0870001,0.248421,5.50354655092513,1813.27144917842,1111.26337348638,-2521.48
"8928",8928,0.30392,2.74994,1.8285,37.3513,3,2,-1.331329827,10069438.63,59.2806,78.1422,103.132,0.760084,0.18895,-0.0509663,5.48694057870242,1591.76248109654,1105.29539225317,-2485.4
"8936",8936,0.116341,7.50767,4.73408,35.662,3,2,-1.331960551,10047526.81,70.2975,68.5828,114.637,0.305901,0.528583,-0.165516,5.51949215277754,1357.30177797982,794.147195327629,-2447.08
"8946",8946,0.326756,2.75798,2.34234,27.4724,3,2,-1.332771482,10019424.5,77.9401,73.836,61.6001,0.356595,-0.435477,-0.207928,5.49908120370297,1310.74749583667,927.415610377879,-2382.32
"9019",9019,0.200137,3.92949,2.3756,20.2904,3,2,-1.337501909,9857054.02,59.0752,74.8097,-77.3566,0.765793,-0.0472551,0.186952,5.55339233796354,1316.32882707589,788.92874728251,-2445.61
"9024",9024,0.228009,3.08721,2.60243,22.3223,3,2,-1.337817271,9846323.34,56.9547,72.4074,89.9158,0.432295,0.429755,-0.13795,5.28695152777765,1324.62862133363,989.725859936035,-2356.22
"9049",9049,0.297135,2.85003,1.88893,20.4043,3,2,-1.339619339,9785228.95,55.8919,83.3225,-82.9127,0.321085,0.471054,0.207861,5.48287004629495,1694.68209140333,1113.38469382994,-2483.63
"9104",9104,0.227166,5.42908,4.80982,20.3235,3,2,-1.342727906,9680730.74,68.9756,59.5396,-60.363,0.0566291,-0.837368,0.106003,5.29040678240635,1286.27023779155,494.284422629886,-2409.79
"9217",9217,0.115237,6.26645,22.1669,51.8497,3,2,-1.34921535,9466228.32,208.611,85.3537,145.488,0.15678,-0.823117,-0.0201033,5.57995240740754,1146.46672029471,1027.44293564454,-2417.45
"9254",9254,0.184504,4.88192,3.93236,25.94,3,2,-1.351287728,9398713.43,52.3309,70.4228,-100.94,0.238696,-0.695061,0.0662432,5.51270303240805,1133.65648955436,786.079106954309,-2444.39
"9325",9325,0.238608,4.61314,3.45769,18.6876,3,2,-1.355387432,9266566.61,67.554,71.5582,-98.697,0.277411,0.395259,0.327329,5.56924148148133,1050.74234457275,829.078270318261,-2435.02
"9343",9343,0.200146,4.30514,3.04682,20.0239,3,2,-1.356603827,9227716.84,50.7925,71.7919,74.3161,0.362243,0.621403,-0.0163538,5.47440863425809,1379.06804063828,703.616314132337,-2399.24
"9377",9377,0.155166,4.09631,3.48769,32.7496,3,2,-1.35854105,9166180.92,72.8452,70.7219,-74.2249,0.211055,-0.672517,0.116428,5.44046296296296,1231.40262210253,1033.65133318334,-2366.65
"9420",9420,0.216772,1.4528,1.35919,3.03523,3,2,-1.36092879,9090898.63,54.7133,66.4529,-90.53,0.142033,-0.816018,-0.0419487,5.39973668981481,1010.38097743977,680.451495980659,-2432.27
"9528",9528,0.154897,5.50161,3.42391,33.8767,3,2,-1.366109735,8929669.75,59.1293,66.9386,-88.0257,0.241238,-0.617366,0.141396,5.50650018518446,1324.9157281148,991.026936413436,-2417.33
"9557",9557,0.262625,3.08781,2.62666,19.2729,3,2,-1.368227164,8864602.25,56.5033,73.1354,86.6397,0.798202,0.0288185,-0.172979,5.43857726851823,1336.44166966083,997.772735105941,-2352.44
"9797",9797,0.156797,5.5582,4.08417,29.3165,3,2,-1.380526277,8495923.33,46.9614,72.0368,112.528,0.412359,-0.325527,-0.262114,5.50399467592714,1370.31789258109,993.395744130394,-2423.65
"9832",9832,0.165896,6.55818,4.923,68.8778,3,2,-1.382463499,8439267.47,61.5399,70.2453,88.4841,0.673893,0.097601,-0.228505,5.30636240740617,1352.8312838121,688.653934642407,-2509.9
"9841",9841,0.145562,4.44578,3.66677,18.1256,3,2,-1.38300412,8423524.05,61.0552,73.0263,-82.1575,0.622186,-0.192412,0.185402,5.48012067129766,1712.36407191867,1096.06057769087,-2524.91
"9864",9864,0.174226,0.919159,1.29293,2.04788,3,2,-1.384175464,8389514.02,66.8768,67.4273,95.1581,0.26975,0.670527,-0.0597233,5.53651490740754,1327.51963146041,937.838364332562,-2449.82
"9892",9892,0.193697,4.05139,3.22773,15.7952,3,2,-1.38566217,8346545.11,58.1374,78.0426,59.9077,0.555362,0.38297,-0.0616677,5.43085273148285,1190.91825343175,1061.0305077509,-2384.26
"9987",9987,0.266035,4.35552,5.61407,25.6084,3,2,-1.390347546,8212562.37,64.6218,79.4206,116.86,0.629496,0.320698,-0.049806,5.48704787037163,1573.33141328469,1114.28979050984,-2403.18
"9996",9996,0.121012,8.27232,5.01948,61.56,3,2,-1.390707959,8202345.55,263.308,87.927,-148.913,0.41141,0.553807,0.0347827,5.46602800925849,1264.7607390105,940.383948744817,-2351.1
"10157",10157,0.262086,3.23196,2.69474,12.3149,3,2,-1.399673246,7952251.94,57.6262,73.7175,74.7991,0.722099,-0.111375,-0.166526,5.51233747685121,1535.17430650349,1166.54498163954,-2188.83
"10165",10165,0.243088,4.82236,3.62849,17.716,3,2,-1.400258918,7936182.07,63.403,70.1542,-113.249,0.636345,0.158701,0.204954,5.43638664351845,1177.86984104714,497.360337128031,-2380.9
"10302",10302,0.154649,4.01101,3.10249,13.0264,3,2,-1.407962758,7727799.81,48.6067,64.9966,-76.9655,0.651134,-0.136403,0.212463,5.41279995370242,1407.60127996761,1050.7774594237,-2411.64
"10355",10355,0.113213,5.15567,3.76311,24.7858,3,2,-1.410620808,7657178.8,283.636,77.2321,17.2454,0.475773,-0.437923,-0.0863039,5.58528335648278,1333.46447635202,902.970928952255,-2429.48
"10524",10524,0.107189,7.06901,4.74547,23.3802,3,2,-1.41945094,7427173.86,68.8193,67.1241,-56.252,0.29367,-0.616245,0.0900844,5.39972789351863,1162.39625881401,485.954704747489,-2497.73
"10535",10535,0.256211,2.25154,1.3921,8.31645,3,2,-1.41999156,7413318.51,66.6568,75.7412,123.43,0.337899,0.598498,0.063603,5.45657898148177,1525.40004935844,1719.81361151114,-2116.94
"10628",10628,0.131191,4.84221,4.00453,16.3557,3,2,-1.424947246,7287509.45,52.9092,67.9881,-101.655,0.334757,-0.496078,0.169165,5.51161435185207,1338.3761357549,986.501453013826,-2414.48
"10647",10647,0.155494,5.08482,4.45869,8.72106,3,2,-1.426028487,7260345.19,54.913,64.3356,94.5045,0.329942,0.544667,-0.125391,5.33968789351759,1310.32721830689,467.944695030687,-2419.87
"10685",10685,0.323306,1.68578,1.32147,6.85066,3,2,-1.428055813,7209684.84,56.6227,76.4677,-90.9808,0.474948,-0.519838,0.00521443,5.508707291666,1333.48006794302,976.354470703815,-2411.98
"10690",10690,0.282014,2.81305,2.18638,5.50158,3,2,-1.428281072,7204077.76,62.8851,79.8754,100.289,0.752344,0.219246,0.0284099,5.48835439814738,1538.34956993085,1014.38974446382,-2390.01
"10735",10735,0.12189,1.64865,1.53996,3.33533,3,2,-1.430713863,7143798.65,66.5419,71.6821,96.852,0.68013,0.153923,-0.165947,5.50869541666574,1325.73161197575,948.048986252898,-2408.28
"10789",10789,0.222125,0.800777,0.767976,1.5639,3,2,-1.433462016,7076312.05,53.3838,72.4309,-91.4619,0.464683,-0.461386,0.0739308,5.57240946759228,1119.68578964437,906.555960332876,-2437.96
"10790",10790,0.123238,2.15904,1.97025,4.19066,3,2,-1.433507068,7075211.03,17.7865,83.1463,40.4147,0.223971,0.733784,-0.0422455,5.5995645370362,1321.76683566491,909.271250372609,-2383.69
"10870",10870,0.124782,5.84999,3.45763,17.4904,3,2,-1.437651824,6974647.51,56.0216,68.1847,81.2344,0.515499,0.263976,-0.220526,5.41230576388814,1007.58026663409,920.846588380671,-2291.89
"10902",10902,0.143969,3.91831,4.10478,50.0011,3,2,-1.439183581,6937845.57,50.8371,76.3312,68.556,0.379134,0.546802,-0.074064,5.43241069444352,1585.93493078152,761.019242629056,-2289.01
"10935",10935,0.142841,4.88266,3.84585,37.2442,3,2,-1.441075753,6892652.29,59.6798,68.7194,100.506,0.412859,0.465565,-0.121577,5.55672523148082,1125.20821753802,817.658495802082,-2448.51
"11004",11004,0.15029,5.52476,13.0638,9.42034,3,2,-1.444769991,6805264.56,62.0171,76.9159,122.225,0.353246,0.609147,0.0376071,5.26618601851717,1493.26527304759,1720.87427168292,-2232.45
"11050",11050,0.176006,4.98583,3.3693,16.9954,3,2,-1.446887421,6755676.87,80.3358,74.8635,115.14,0.359705,0.531578,-0.108716,5.60443694444442,1387.32602038473,787.535746923551,-2393.93
"11273",11273,0.174898,5.58087,4.07975,25.5277,3,2,-1.458871171,6481764.43,62.6733,71.4648,77.307,0.510974,-0.21653,-0.272496,5.59470824074138,1223.36440072007,825.6558734973,-2306.01
"11296",11296,0.192521,4.69115,3.28591,14.6772,3,2,-1.460267774,6450573.66,48.5074,86.203,-129.705,0.365441,-0.58516,-0.0493988,5.58000942129504,1155.79423471599,1030.469352668,-2419.82
"11359",11359,0.385934,2.60748,2.08286,22.2073,3,2,-1.463286237,6383673.18,63.8985,76.4247,74.069,0.802659,-0.0894918,-0.107849,5.50393768518611,1306.5232822743,929.975336925771,-2391.11
"11437",11437,0.197494,4.31515,2.92863,11.7905,3,2,-1.467836458,6284132.2,64.0234,70.9351,-70.3082,0.44495,-0.382714,0.172335,5.48705789351905,1526.24726830306,1106.61768193398,-2449.93
"11491",11491,0.156423,4.70064,3.56073,20.2052,3,2,-1.470314302,6230581.01,53.1393,81.4749,99.2699,0.264663,-0.492033,-0.243305,5.48244879629601,1713.8528489984,1050.42390603311,-2428.38
"11692",11692,0.182024,6.52664,5.20781,172.9,3,2,-1.481081656,6003126.79,49.653,71.0698,-110.101,0.30654,-0.614969,0.0784915,5.50458810185117,1318.60780605346,969.219763281625,-2417.01
"11732",11732,0.170294,4.70062,3.88555,26.6799,3,2,-1.484010016,5942716,89.9486,85.2327,-44.5424,0.0629329,-0.884105,0.0529623,5.60444150463023,1323.7681271659,879.127288290665,-2381.31
"11783",11783,0.14474,7.25161,4.41778,32.3122,3,2,-1.486397756,5893908.18,60.287,74.7189,111.585,0.484595,0.449525,-0.0658799,5.2885106250009,1308.72958467097,763.826456550388,-2475.34
"12235",12235,0.122597,7.36177,4.48766,55.0809,3,2,-1.50725669,5484221.22,64.3076,73.793,80.853,0.66464,0.121343,-0.214017,5.47669479166744,1663.4545481395,1108.89456576942,-2483.08
"12260",12260,0.113655,0.832915,0.719789,10.3548,3,2,-1.508563189,5459529.49,61.2156,75.4569,86.2569,0.475411,0.423226,-0.101363,5.63998479166793,1357.81625496954,649.169091980973,-2151.27
"12315",12315,0.178058,4.0008,3.21517,18.083,3,2,-1.511761859,5399545.58,72.519,80.3367,-65.1234,0.309021,-0.689634,-0.00134496,5.47751608796418,1560.69729714559,1090.33301276328,-2439.26
"12337",12337,0.12138,5.13616,4.43872,24.8909,3,2,-1.512527738,5385281.29,42.7837,72.4831,-98.3989,0.367341,-0.570685,0.061974,5.56038590277787,1113.0118683519,797.350389046424,-2445.25
"12389",12389,0.120395,5.63736,4.11777,40.0323,3,2,-1.51496053,5340220.69,24.4901,75.8635,-67.0619,0.0736204,0.666176,0.260204,5.523060949075,1387.25880528455,960.048588329655,-2408.49
"12458",12458,0.145216,3.49315,2.78117,22.6635,3,2,-1.519510751,5256950.33,280.271,81.167,-141.054,0.207239,0.695676,0.0970852,5.60164456018419,1313.82472888371,918.795978715214,-2380
"12459",12459,0.162907,7.82085,4.33205,37.327,3,2,-1.519555802,5256132.41,60.7525,72.525,-73.2916,0.670219,-0.169436,0.160345,5.48192576388794,1525.39155044621,1040.39713187584,-2435.08
"12525",12525,0.133761,4.48521,3.49849,24.7405,3,2,-1.522484163,5203238.77,53.9524,68.1434,-87.0793,0.702859,0.045183,0.251958,5.29836597222145,1258.10157608201,707.39226434385,-2434.6
"12587",12587,0.132941,4.97452,4.00834,12.5149,3,2,-1.525908091,5142068.57,67.7881,86.8882,66.9806,0.825239,-0.0540871,0.120674,5.33264569444513,1724.42130817245,1818.18630690981,-2248.97
"12632",12632,0.165639,1.78118,1.73695,3.74917,3,2,-1.528476038,5096663.29,61.9726,68.1459,105.065,0.302027,0.526499,-0.171474,5.32028453703832,1245.73253941935,476.500687083028,-2432.32
"12667",12667,0.121716,5.70561,5.50216,27.4852,3,2,-1.530007795,5069770.59,288.757,75.1252,-161.36,0.31022,0.683852,-0.00592853,5.51317923611237,1403.39425266288,848.460067190566,-2379.31
"12698",12698,0.136388,5.1488,3.7054,28.5416,3,2,-1.531629656,5041450.6,56.6416,74.9059,-81.3738,0.637605,-0.255046,0.107349,5.41766854166709,1742.01212024586,1078.88495397586,-2503.71
"12707",12707,0.233743,3.38341,2.44255,19.1865,3,2,-1.532125225,5032828.86,62.9322,76.7047,-71.5357,0.589894,-0.360311,0.0497951,5.51057495370507,1551.27846238077,1082.3144218646,-2502.6
"12779",12779,0.11507,6.70009,6.33655,31.859,3,2,-1.536855653,4951268.98,59.3569,66.8485,-112.78,0.304507,-0.565048,0.130444,5.29751449074182,1240.95464620055,484.964755253811,-2411.16
"12783",12783,0.233061,3.7336,2.92527,29.8568,3,2,-1.537080911,4947418.33,56.3187,81.7942,-82.3223,0.614902,0.261591,0.123507,5.49555833333344,1547.20191834807,1127.34298169056,-2382.8
"12871",12871,0.19379,4.35222,3.94729,29.988,3,2,-1.542036597,4863457.27,66.0658,78.0863,101.826,0.690939,0.246772,-0.0622889,5.47832187499989,1492.70535636847,1075.52619676523,-2426.11
"12896",12896,0.140411,8.12404,5.1459,21.2033,3,2,-1.543072786,4846082.7,78.9289,73.2516,93.3042,0.45179,0.381823,-0.166386,5.44328518518419,1198.99395334175,948.890443322511,-2368.95
"12904",12904,0.198076,3.08713,2.05028,25.151,3,2,-1.543523303,4838547.91,68.1111,81.5384,-85.6251,0.91716,-0.0232197,0.0596203,5.31122250000084,1238.66911229462,479.661454394912,-2399
"12917",12917,0.188368,6.32688,4.6442,61.9578,3,2,-1.54424413,4826516.61,59.2508,75.428,-99.1096,0.543241,-0.340043,0.116717,5.49667009259264,1340.26676708415,953.953327875789,-2436.62
"13038",13038,0.160975,4.51435,3.70811,28.5398,3,2,-1.550145902,4729128.85,61.415,75.4415,86.284,0.671991,-0.107175,-0.220835,5.35723118055474,1279.60314895725,670.156021246585,-2376.86
"13089",13089,0.241624,4.44992,3.21333,38.0632,3,2,-1.552894056,4684453.32,63.6461,80.1549,95.9731,0.208261,0.715668,0.0760711,5.43884902777771,1327.29592296142,910.841027426865,-2323.58
"13174",13174,0.144035,4.62526,4.64802,50.5981,3,2,-1.557624483,4608539.09,72.8271,88.1496,147.208,0.271969,0.611522,0.116509,5.34311988426027,1767.93410396796,1793.35271675455,-2275.51
"13215",13215,0.21565,1.25571,1.15377,2.72272,3,2,-1.560057275,4569977.77,61.4309,78.7412,-78.278,0.434665,-0.476793,-0.0885424,5.42012687499876,1342.4594366138,993.530094418821,-2398.94
"13303",13303,0.130542,5.6165,4.89768,93.4944,3,2,-1.56550853,4484739.33,64.4081,65.3401,-97.67,0.684711,-0.0244358,0.290853,5.40287266203651,1366.91964940728,1050.26834254122,-2340.45
"13305",13305,0.132881,3.14893,3.01274,8.28054,3,2,-1.565598633,4483343.87,261.835,89.6713,42.2955,0.377794,-0.337125,-0.285081,5.51853069444497,1626.39811563252,1769.88384268696,-2248.81
"13317",13317,0.195072,6.0258,3.61885,48.5335,3,2,-1.56631946,4472195.81,57.9134,76.5725,-77.4584,0.580025,0.288873,0.131101,5.50684386574008,1350.12796116185,951.103687547629,-2456.06
"13535",13535,0.172539,1.91462,1.95988,4.98534,3,2,-1.579249296,4276870.06,58.6585,76.2354,98.5124,0.781,0.112676,-0.106324,5.43157185185287,1494.41460966907,973.243200866578,-2461.76
"13878",13878,0.203179,4.81621,4.27839,37.1609,3,2,-1.598936886,3995716.54,58.5768,74.2586,83.1942,0.805665,0.00731503,-0.18702,5.50845289351764,1378.06606717414,1001.21634513032,-2382.34
"14476",14476,0.125176,6.30192,5.90235,18.4953,3,2,-1.635608965,3520355.74,47.6133,76.8019,-116.87,0.425806,-0.524102,0.0500917,5.57885289351973,1115.76344122714,786.630650243654,-2373.64
"14564",14564,0.118067,6.9113,5.31823,45.4486,3,2,-1.641015168,3455232.28,67.9448,73.0797,-70.0157,0.128062,-0.835591,0.0363478,5.47562201389008,1565.13257851984,1104.54585906511,-2378.28
"14599",14599,0.169408,4.2646,2.93039,34.3223,3,2,-1.642952391,3432190.73,277.744,74.794,28.5856,0.26425,-0.599213,-0.136537,5.47481724537081,1460.28512562814,861.895096033111,-2304.45
"14698",14698,0.252837,3.62067,2.84277,16.0195,3,2,-1.649935403,3350401.82,62.1371,84.1385,103.656,0.884055,-0.0908132,-0.0251316,5.48788574074154,1410.60762915373,1084.08218881757,-2411.55
"14775",14775,0.141794,5.97221,4.97946,18.4068,3,2,-1.654305417,3300212.27,62.5372,77.6742,108.493,0.370897,0.60923,-0.0198731,5.5408960648157,1844.09688566106,1114.6150596292,-2462.1
"14936",14936,0.137618,6.30228,4.35821,31.0224,3,2,-1.665523289,3174790.46,67.1215,74.5825,-72.1271,0.36681,-0.531314,0.101875,5.48013356481437,1669.36508204543,1109.07134246472,-2495.56
"14946",14946,0.203485,4.34229,3.39106,16.4423,3,2,-1.665838651,3171334.29,57.8922,79.2251,-92.8141,0.876538,-0.025558,0.0979044,5.49748173611032,1356.28273747269,986.784295726316,-2356.28
"14955",14955,0.233356,3.67549,2.87952,15.5514,3,2,-1.666469375,3164433.24,68.4338,79.5373,-71.739,0.384081,-0.548685,-0.0672342,5.44015208333455,1201.00771952581,1038.22631405764,-2380.53
"14968",14968,0.162811,2.10702,2.08716,4.55277,3,2,-1.667370408,3154600.65,56.9803,78.7096,83.1231,0.865589,-0.0357276,-0.0986832,5.43087789351741,1151.78534226608,949.929890290836,-2410.8
"15042",15042,0.143508,6.22501,4.70921,23.6025,3,2,-1.67327218,3090948.22,54.9248,82.9522,-80.9273,0.321737,0.458584,0.219678,5.46386076388812,1276.58801179575,816.109931951282,-2382.23
"15052",15052,0.133731,4.28423,3.76915,23.256,3,2,-1.673902904,3084222.09,38.7449,75.69,53.5281,0.0513832,0.886986,-0.0616312,5.46076289351892,1346.80471798805,1007.87021994126,-2288.67
"15088",15088,0.174628,4.79513,2.99415,67.7247,3,2,-1.67620054,3059843.33,62.9621,76.9375,100.028,0.249355,0.668325,-0.0823198,5.59889666666587,1278.99174913728,872.459271344039,-2389.58
"15135",15135,0.142434,5.14402,3.40856,38.0836,3,2,-1.6804354,3015413.67,59.2205,73.3355,91.2255,0.590244,0.243343,-0.166413,5.53646877314757,1317.89699077329,941.204192611017,-2433.21
"15171",15171,0.142401,2.82891,2.719,6.11926,3,2,-1.682552829,2993441.37,66.303,75.4914,110.508,0.342106,0.610207,-0.0476872,5.50897013888867,1337.79799000441,1000.97592882469,-2377.77
"15194",15194,0.147182,5.34155,4.17484,35.6732,3,2,-1.683769225,2980891.46,56.3078,71.2656,-104.576,0.622928,-0.242561,0.134511,5.29688011573973,1324.29336175072,698.284729002205,-2399.88
"15257",15257,0.140488,3.68142,2.80515,16.5768,3,2,-1.689400687,2923472.21,54.4804,86.2254,-129.027,0.759026,0.190183,0.0507918,5.57997861111054,1100.71798295318,1032.39268311285,-2324.1
"15296",15296,0.099148,14.6032,5.20913,112.617,3,2,-1.691833478,2899010.46,61.8838,77.8221,-85.2813,0.798185,0.0258494,0.175966,5.30837006944473,1233.54423471599,920.514248193492,-2406.45
"15327",15327,0.179979,5.77862,4.56112,17.3656,3,2,-1.69453658,2872070.72,60.8762,75.808,94.5694,0.868676,0.0349477,-0.0963766,5.50689895833256,1378.42144597168,982.789142412596,-2445.34
"15380",15380,0.140234,5.38147,3.70877,26.3439,3,2,-1.69827587,2835216.29,85.0269,89.0704,-47.6648,0.186791,-0.740958,-0.0722512,5.48536981481369,1523.0288411783,1104.34079809858,-2428.18
"15436",15436,0.141212,6.42776,4.06723,39.8421,3,2,-1.703141453,2787968.23,67.8049,74.3637,98.8467,0.742791,0.124082,-0.133127,5.42168483796219,1206.77854954613,483.79095799706,-2423.24
"15596",15596,0.110026,8.72905,8.34558,23.1834,3,2,-1.715170255,2674512.41,63.0926,86.693,-82.4577,0.645811,-0.193572,-0.160617,5.32623777777784,1761.46284130949,1862.25320151336,-2293.91
"15790",15790,0.089349,7.40272,5.0197,32.4974,3,2,-1.729361539,2546582.16,79.3384,74.2206,-78.4489,0.27846,-0.683194,0.038346,5.59728129629736,1383.49341559134,1119.0132638082,-2285.42
"15858",15858,0.134517,5.45847,3.85505,25.6584,3,2,-1.735083104,2496751.64,62.3432,73.6302,90.0195,0.599965,0.248513,-0.151523,5.31018587962897,1283.18897128864,997.970725004652,-2368.86
"16356",16356,0.127531,5.60786,4.49117,18.3778,3,2,-1.783063157,2115462.18,75.9702,76.2095,-58.8108,0.27362,-0.648741,0.0776395,5.48980053240778,1565.29135559959,1060.79009144528,-2479.78
"16891",16891,0.187689,5.1702,4.58097,10.9324,3,2,-1.852803178,1662628.55,59.9689,83.7154,-83.1133,0.92721,0.00475938,0.0680307,5.48595847222264,1561.87798615994,1123.65895536056,-2446.16
"17082",17082,0.223742,3.55229,2.59113,21.6589,3,2,-1.883032865,1497789.23,63.5139,81.9454,92.1722,0.816377,0.142616,0.0410064,5.6037524768517,1379.70610691237,895.617018427899,-2440.04
"17149",17149,0.138707,5.97914,3.84884,16.6111,3,2,-1.896683528,1428810.75,59.6715,83.5546,75.8024,0.829485,0.155883,0.0146323,5.57134976851719,1328.4843789287,948.423752846946,-2380.89
"17331",17331,0.104048,2.63922,2.96196,4.54579,3,2,-1.937275104,1241902.05,51.325,78.161,94.6247,0.752724,0.196927,-0.0503496,5.30492386573995,1309.67859249107,978.433364640505,-2272.8
"17491",17491,0.149319,5.03963,3.43056,18.0563,3,2,-2.005303161,981850.26,60.5569,80.6222,-92.1646,0.67048,-0.240346,0.0891737,5.4728407407414,1565.08455903517,1112.29574938693,-2428.91
"17584",17584,0.127668,1.30991,1.31043,2.76476,3,2,-2.077160612,766053.47,58.9389,82.0504,96.941,0.515891,0.45453,0.0295791,5.58297951388966,1157.65596269965,1047.46819968771,-2449.96
"17596",17596,0.171391,4.66619,3.49502,24.8641,3,2,-2.088693845,736137.99,60.0205,82.4031,102.326,0.698428,0.244861,-0.0567111,5.60629664351819,1337.76196193073,880.675852141465,-2355.23
